ABINSPAY,ABMEDGOV1,ABHELP1,ABHELP2,ABHELP3,ABHELP4,ABMORAL,ABSTATE1,ABSTATE2,SEX,RACE,CLASS,PARTYID,ID
0,0,0,0,0,0,0,0,0,1,1,2,5,1
0,1,0,0,0,0,0,0,0,2,1,2,2,2
0,0,0,0,0,0,0,0,0,1,1,3,4,3
0,1,0,0,0,0,0,0,0,2,1,3,2,4
0,1,0,0,0,0,0,1,0,1,2,4,6,5
0,1,0,0,0,0,0,0,0,2,1,2,2,6
0,1,0,0,0,0,0,0,0,2,2,2,0,7
1,0,0,0,0,0,0,0,0,1,1,2,5,8
0,0,0,0,0,0,0,0,0,2,1,1,3,9
0,1,0,0,0,0,0,0,0,1,1,3,1,10
0,1,0,0,0,0,0,0,0,1,1,3,6,11
1,1,0,0,0,0,0,0,0,2,3,2,1,12
1,0,0,0,0,0,0,0,0,2,1,2,1,13
0,1,0,0,0,0,0,1,0,1,2,2,0,14
0,0,0,0,0,0,0,0,0,2,2,1,4,15
0,1,0,0,0,0,0,1,1,2,1,3,3,16
0,1,0,0,0,0,0,1,1,2,1,2,2,17
0,0,0,0,0,0,0,1,0,2,1,3,3,18
0,0,0,0,0,0,0,0,0,2,1,3,1,19
0,1,0,0,0,0,0,0,0,1,1,3,4,20
0,0,0,0,0,0,0,0,0,2,1,3,5,21
1,1,0,0,0,0,0,0,1,2,3,2,5,22
0,0,0,0,0,0,0,0,0,2,1,3,2,23
0,1,0,0,0,0,0,0,0,1,1,2,0,24
0,0,0,0,0,0,0,0,0,2,1,3,5,25
0,0,0,0,0,0,0,1,1,1,1,3,5,26
1,0,0,0,0,0,0,0,0,2,1,2,1,27
0,1,0,0,0,0,0,0,0,2,2,3,1,28
0,0,0,0,0,0,0,0,0,2,1,3,6,29
0,0,0,0,0,0,0,0,0,1,1,3,4,30
0,1,0,0,0,0,0,0,0,2,1,2,4,31
0,1,0,0,0,0,0,0,0,1,1,3,6,32
0,0,0,0,0,0,0,0,0,2,1,3,3,33
0,0,0,0,0,0,0,0,0,2,1,3,1,34
0,0,0,0,1,0,0,0,1,2,1,3,2,35
0,0,0,0,0,0,0,0,0,1,1,2,6,36
0,0,0,0,0,0,0,1,0,2,1,3,0,37
0,1,0,0,0,0,0,0,0,1,1,1,0,38
0,1,0,0,0,0,0,1,0,2,1,1,0,41
0,0,0,0,0,0,0,0,0,1,1,2,1,42
0,1,0,0,0,0,0,0,0,2,1,1,0,43
0,1,0,1,0,0,0,0,1,1,3,3,0,44
0,0,0,0,0,0,0,0,0,2,1,2,2,45
0,1,0,0,0,0,0,0,0,2,1,2,1,46
0,0,0,0,0,0,0,0,0,1,1,3,1,47
0,1,0,0,0,0,0,0,0,2,1,4,1,48
0,0,0,0,0,0,0,1,0,1,1,3,5,49
1,1,0,0,0,1,0,0,0,2,1,3,2,50
0,0,0,0,0,0,0,0,0,1,1,2,3,51
1,0,1,1,0,0,0,0,0,2,1,3,3,53
0,0,0,0,0,0,0,1,1,2,3,2,3,54
0,1,0,0,0,0,0,0,0,1,1,3,3,55
0,1,0,0,0,0,0,0,0,1,1,3,5,56
0,0,0,0,0,0,0,0,1,2,1,3,3,57
0,0,0,0,0,0,0,1,0,2,2,2,2,58
0,1,0,0,0,0,0,0,0,2,2,1,1,60
0,0,0,0,0,0,0,0,0,2,2,3,0,61
0,0,0,0,0,0,0,0,0,2,2,1,0,62
0,0,0,0,0,0,0,1,0,2,2,3,0,63
0,1,0,0,0,0,0,1,0,2,2,3,0,64
0,1,0,0,0,0,0,0,1,1,2,2,4,65
0,0,0,0,0,0,0,0,0,1,2,1,2,66
0,1,0,0,0,0,0,0,0,1,1,2,1,67
0,1,0,0,0,0,0,0,0,2,2,2,0,68
0,0,0,0,0,0,0,0,0,2,2,3,0,69
0,0,0,0,0,0,0,0,0,2,2,1,1,70
0,1,0,0,0,0,0,0,0,1,1,1,0,71
0,1,0,0,0,0,0,0,1,1,2,2,0,72
0,0,0,0,0,0,0,1,0,2,3,2,3,73
0,0,0,0,0,0,0,0,0,2,1,4,1,74
0,1,0,0,0,0,0,0,0,1,1,3,7,75
0,1,0,0,0,0,0,0,0,2,2,2,3,76
0,0,1,0,0,0,0,1,0,2,1,3,3,77
0,1,0,0,0,0,0,0,0,2,1,3,3,78
0,0,0,0,0,0,0,0,0,2,2,3,2,81
1,0,0,0,0,0,1,0,1,2,2,2,1,82
0,0,0,0,0,0,0,0,1,2,3,2,1,83
0,1,0,0,0,0,0,0,0,2,1,2,1,84
0,1,0,0,0,0,0,0,0,1,1,2,5,85
0,0,0,0,0,0,0,0,0,1,2,3,1,86
0,1,0,0,0,0,0,0,0,2,3,1,0,87
0,0,0,0,0,0,0,0,0,1,1,3,0,88
0,1,0,0,0,0,0,0,0,1,1,3,0,89
0,0,0,0,0,0,0,0,0,1,3,2,1,90
0,1,0,0,0,0,0,0,0,1,1,3,2,91
0,0,0,0,0,0,0,0,0,2,1,3,0,92
0,1,0,0,0,0,0,0,0,1,3,3,3,93
0,1,0,0,0,0,0,0,0,2,2,2,2,95
0,1,0,0,0,0,0,0,0,1,2,3,1,96
0,0,0,0,0,0,0,0,0,2,2,3,0,97
0,0,0,0,0,0,0,0,0,1,2,2,0,98
0,1,0,0,0,0,0,1,1,2,3,3,1,99
0,0,0,0,0,0,0,0,1,2,1,2,4,100
0,1,0,0,0,0,0,0,0,1,3,1,4,101
0,1,0,0,0,0,0,0,0,1,3,3,2,103
0,0,0,0,0,0,0,0,0,2,1,3,4,104
0,1,0,0,0,0,0,0,0,1,1,3,0,105
0,0,0,0,0,0,0,0,0,1,1,2,4,106
0,1,0,0,0,0,0,0,0,1,1,3,5,107
1,1,1,0,0,0,0,0,0,2,1,2,3,109
0,1,0,0,0,0,0,0,0,2,1,3,3,110
0,1,0,0,0,0,0,0,0,2,1,2,0,111
0,0,0,0,0,0,0,0,0,2,1,3,1,112
0,1,0,0,0,0,0,0,0,1,1,3,0,113
0,0,0,0,0,0,0,1,1,2,1,1,1,114
0,1,0,0,0,0,0,0,0,1,1,3,1,115
0,0,0,0,0,0,0,0,0,1,1,3,7,116
0,1,0,0,0,0,0,0,0,1,2,2,1,117
0,0,0,0,0,0,0,0,0,2,1,2,3,118
0,1,0,0,0,0,0,0,0,2,1,2,5,119
0,1,0,0,0,0,0,0,0,1,1,2,4,120
0,0,0,0,0,0,0,0,0,2,1,3,4,121
0,0,0,0,0,0,0,0,0,2,1,2,3,122
0,0,0,1,1,0,0,1,0,2,1,3,2,124
0,0,0,0,0,0,0,0,0,1,1,3,0,125
0,0,0,0,0,0,0,0,0,1,3,3,1,126
1,1,0,0,0,0,0,0,0,2,1,2,6,127
0,0,0,0,0,0,0,0,0,2,1,3,1,128
0,1,0,0,0,0,0,0,0,1,1,3,1,129
0,0,0,0,0,0,0,0,0,2,1,3,0,130
0,1,0,0,0,0,0,0,0,2,1,2,3,131
0,0,0,0,0,0,0,0,0,2,1,3,1,132
0,0,0,0,0,0,0,1,1,1,1,3,0,133
1,0,0,0,0,0,0,1,0,1,1,3,0,134
0,1,0,0,0,0,0,0,0,1,1,3,0,135
0,0,0,0,0,0,0,0,0,2,3,2,3,136
0,1,0,0,0,0,0,0,0,1,3,3,3,137
0,0,0,0,0,0,0,0,0,2,3,2,3,138
0,1,0,0,0,0,0,1,1,2,1,2,2,139
0,0,0,0,0,0,0,0,0,2,1,3,4,140
0,0,0,0,0,0,0,0,0,1,1,2,6,141
0,1,0,0,0,0,0,1,1,1,1,2,1,142
0,0,0,0,0,0,0,1,0,1,3,1,3,143
0,0,0,0,0,0,0,0,0,1,2,3,3,144
0,1,0,0,0,0,0,0,0,1,3,2,0,145
0,0,0,0,0,0,0,0,0,1,2,3,4,146
0,0,0,0,0,0,0,0,0,1,2,1,1,147
0,1,0,0,0,0,0,0,0,2,2,2,3,148
0,0,0,0,0,0,0,0,0,1,1,2,3,149
0,1,0,0,0,0,0,0,0,2,1,3,0,150
0,1,0,0,0,0,0,0,0,2,2,2,2,151
0,0,0,0,0,0,0,0,0,2,2,2,0,152
0,1,0,0,0,0,0,0,0,2,2,2,3,153
0,1,0,0,0,0,0,0,0,2,3,2,3,154
0,1,0,0,0,0,0,0,0,1,3,2,5,155
0,1,0,0,0,0,0,0,0,2,3,2,1,156
0,1,0,0,0,0,0,0,0,2,1,3,5,157
0,0,0,0,0,0,0,0,0,2,3,2,7,158
0,1,0,0,0,0,0,0,0,2,3,1,2,159
1,0,0,0,0,0,0,1,1,2,1,2,3,160
0,1,0,0,0,0,0,0,0,2,3,2,0,161
0,0,0,0,0,0,0,0,0,2,1,3,1,162
0,0,0,0,0,0,0,1,0,2,3,2,1,164
0,0,0,0,0,0,0,0,0,2,1,2,3,165
0,0,0,0,0,0,0,1,0,2,1,2,2,166
0,0,0,0,0,0,0,0,0,1,1,2,1,167
0,1,0,0,0,0,0,0,0,1,1,2,1,169
0,1,0,0,0,0,0,0,0,1,1,2,0,170
0,0,0,0,0,0,0,0,0,1,1,3,4,171
0,1,0,0,0,0,0,0,0,1,3,2,2,172
0,1,0,0,0,0,0,0,0,2,1,2,6,173
0,0,0,0,0,0,0,0,0,2,1,3,0,174
0,0,0,0,0,0,0,0,0,1,1,3,0,175
0,1,0,0,0,0,0,1,1,2,3,3,3,176
0,0,0,0,0,0,0,0,0,2,1,4,0,177
0,1,0,0,0,0,0,0,0,1,1,3,4,178
0,0,0,0,0,0,0,0,0,1,3,3,1,179
0,1,0,0,0,0,0,0,0,1,1,3,3,180
0,1,0,0,0,0,0,0,0,2,1,1,2,182
0,0,0,0,0,0,0,0,0,1,1,3,0,183
0,0,0,0,0,0,0,0,0,1,1,4,0,184
0,1,0,0,0,0,0,0,0,1,3,3,2,185
0,1,0,0,0,0,0,0,0,2,1,3,0,186
0,0,0,0,0,0,0,0,0,2,1,3,2,187
0,1,0,0,0,0,0,0,0,1,3,2,1,188
0,0,0,0,0,0,0,0,0,1,3,2,4,190
0,0,0,0,0,0,0,0,0,1,3,3,6,191
0,1,0,0,0,0,0,0,0,2,1,2,5,192
0,0,0,0,0,0,1,0,0,1,1,2,2,193
0,1,0,0,0,0,0,0,0,2,3,3,4,194
0,1,0,0,0,0,0,0,0,1,1,1,6,195
0,0,0,0,0,0,0,0,0,1,1,3,4,196
0,0,0,0,0,0,0,0,0,2,3,3,6,197
0,1,0,0,0,0,0,0,0,1,1,2,1,198
0,0,0,0,0,0,0,0,0,2,1,3,1,199
1,0,0,0,0,0,0,0,0,2,1,3,5,200
0,0,0,0,0,0,0,0,0,1,3,3,4,201
0,1,0,0,0,0,0,0,0,1,1,3,1,202
0,0,0,0,0,0,0,0,0,2,1,3,0,203
0,0,0,0,0,0,0,0,0,2,1,3,2,204
0,1,0,0,0,0,0,1,0,1,3,2,3,205
0,0,0,0,0,0,0,0,0,2,1,3,7,206
0,1,0,0,0,0,0,0,0,1,1,2,4,207
0,1,0,0,0,0,0,0,0,1,1,3,7,208
0,1,0,0,0,0,0,0,0,1,1,3,1,209
0,0,0,0,0,0,0,0,0,2,3,3,3,210
0,0,0,0,0,0,0,1,0,1,1,3,0,211
0,1,0,0,0,0,0,0,0,1,1,3,6,212
0,0,0,0,0,0,0,0,0,2,1,3,2,213
0,0,0,0,0,0,0,0,0,2,2,3,0,214
0,1,0,0,0,0,0,0,0,2,1,1,6,215
0,0,0,0,0,0,0,0,0,2,1,2,1,216
0,0,0,0,0,0,0,0,0,1,1,3,3,218
0,1,0,0,0,0,0,0,0,2,3,3,2,219
0,1,0,0,0,0,0,1,1,2,1,2,3,220
0,0,0,0,0,0,0,0,0,2,1,3,6,221
0,1,0,0,0,0,0,0,0,1,1,3,1,223
0,0,0,0,0,0,0,0,0,1,2,2,0,224
0,0,0,0,0,0,0,1,0,1,3,2,2,225
1,0,0,0,0,0,0,0,1,2,1,2,3,226
0,1,0,0,0,0,0,0,0,1,3,3,2,227
0,0,0,0,0,0,0,1,0,2,1,2,2,228
0,1,0,0,0,0,0,0,0,2,1,2,4,229
0,0,0,0,0,1,0,1,0,2,1,3,2,230
0,0,0,0,0,0,0,0,0,2,3,3,4,231
0,0,0,0,0,0,0,0,0,2,1,3,6,232
0,0,0,0,0,0,0,1,0,1,2,3,3,233
0,0,0,0,0,0,0,0,0,2,1,2,4,234
1,1,0,0,0,0,0,0,0,1,1,2,5,235
0,0,0,0,0,0,0,0,0,2,1,4,2,236
0,1,0,0,0,0,0,0,0,2,1,3,6,237
0,0,0,0,0,0,0,0,0,2,1,3,6,238
0,1,0,0,0,0,0,0,0,1,1,3,4,239
1,0,0,0,0,0,0,0,0,2,1,3,3,240
0,1,0,0,0,0,0,0,0,2,1,2,5,241
0,0,0,0,0,0,0,0,0,1,1,2,3,242
0,1,0,0,0,0,0,0,0,2,1,2,6,243
1,0,1,0,0,0,0,0,0,2,1,2,3,244
0,0,0,0,0,0,0,0,0,2,1,1,0,245
0,0,0,0,0,0,0,0,0,2,3,2,0,246
0,1,0,0,0,0,0,0,0,1,3,2,3,247
0,1,0,0,0,0,0,1,1,1,1,2,4,248
0,1,0,0,0,0,0,0,0,1,1,3,4,249
0,1,0,0,0,0,0,0,0,1,1,4,4,250
0,0,0,0,0,0,0,0,1,2,1,1,4,251
0,1,0,0,0,0,0,0,0,1,1,3,2,252
0,1,0,0,0,0,0,0,0,2,1,3,3,253
0,0,0,0,0,0,0,0,0,2,2,2,0,254
0,0,0,0,0,0,0,0,0,1,3,1,4,257
0,0,0,0,0,0,0,0,0,2,1,2,0,258
0,1,0,0,0,0,0,0,0,1,1,2,4,259
0,0,0,0,0,0,0,0,0,1,3,2,1,260
0,0,0,0,0,0,0,0,0,2,1,3,0,261
0,1,0,0,0,0,0,0,0,1,1,3,0,262
0,0,0,0,0,0,0,1,0,1,1,3,7,263
0,1,0,0,0,0,0,0,0,2,1,3,3,264
0,0,0,0,0,0,0,0,0,2,1,3,4,265
0,0,0,0,0,0,0,0,0,1,1,3,1,266
0,1,0,0,0,0,0,1,1,1,1,2,2,267
0,1,0,0,0,0,0,0,0,2,1,3,2,268
0,1,0,0,0,0,0,0,0,1,2,3,0,269
0,1,0,0,0,0,0,0,0,2,1,2,1,270
0,0,0,0,0,0,0,0,0,1,3,2,2,271
0,1,0,0,0,0,0,0,0,1,1,2,1,272
0,1,0,0,0,0,0,0,0,2,1,2,1,273
0,1,0,0,0,0,0,0,0,2,1,3,0,274
0,1,0,0,0,0,0,0,0,2,1,3,0,275
0,1,0,0,0,0,0,1,1,1,1,4,1,276
0,1,0,0,0,0,0,0,0,1,1,3,0,277
0,0,0,0,0,0,0,0,0,2,1,2,1,278
0,1,0,0,0,0,0,0,0,1,1,3,7,279
0,0,0,0,0,0,0,0,0,2,2,3,1,280
0,1,0,0,0,0,0,0,0,2,1,3,5,281
0,0,0,0,0,0,0,0,0,1,1,3,2,282
0,1,0,0,0,0,0,0,0,1,1,3,5,283
0,0,0,0,0,0,0,0,0,1,1,3,5,284
0,1,0,0,0,0,0,0,0,2,1,3,1,285
0,1,0,0,0,0,0,0,0,2,1,3,1,286
0,1,0,0,0,0,0,1,1,2,1,3,5,287
0,1,0,0,0,0,0,0,0,2,1,3,5,288
0,1,0,0,0,0,0,0,0,2,1,3,0,290
0,0,0,0,0,0,0,0,0,1,1,2,5,291
0,0,0,0,0,0,0,0,0,2,1,2,1,293
0,1,0,0,0,0,0,1,0,1,1,2,5,294
0,0,0,0,0,0,0,0,0,2,1,3,3,295
0,0,0,0,0,0,0,0,0,2,1,3,2,296
0,1,0,0,0,0,0,1,1,2,1,3,5,297
0,1,0,0,0,0,0,0,0,1,2,4,0,298
0,0,0,0,0,0,0,0,0,2,1,2,1,299
0,1,0,0,0,0,0,0,0,2,2,2,3,300
0,0,0,0,0,0,0,0,0,2,2,3,0,301
0,0,0,0,0,0,0,0,0,2,1,3,6,302
0,1,0,0,0,0,0,0,0,1,1,3,1,303
0,1,0,0,0,0,0,1,0,2,1,3,2,304
0,1,0,0,0,0,0,0,0,1,3,2,3,306
0,0,0,0,0,0,0,0,0,1,1,3,4,307
0,1,0,0,0,0,0,0,0,1,3,2,3,308
0,0,0,0,0,0,0,0,0,2,1,2,5,309
0,0,0,0,0,0,0,0,0,1,1,3,4,310
0,0,0,0,0,0,0,0,0,1,1,4,7,311
0,1,0,0,0,0,0,0,0,1,3,3,2,312
0,0,0,0,0,0,0,0,0,1,1,3,0,313
0,1,0,0,0,0,0,0,0,1,1,3,2,314
0,0,0,0,0,0,0,0,0,1,1,3,1,315
0,1,0,0,0,0,0,0,0,2,2,2,4,316
0,1,0,0,0,0,0,0,0,2,2,3,1,318
0,0,0,0,0,0,0,0,0,2,1,3,5,319
0,1,0,0,0,0,0,1,1,1,2,2,0,320
0,0,0,0,0,0,0,0,0,2,1,3,6,321
0,0,0,0,0,0,0,0,0,1,2,2,2,322
0,1,0,0,0,0,0,0,0,1,2,3,1,323
0,0,0,0,0,0,0,0,0,2,2,2,1,324
0,0,0,0,0,0,0,0,0,1,2,3,6,325
0,1,0,0,0,0,0,0,0,2,1,2,5,326
0,1,0,0,0,0,0,1,0,1,2,2,2,327
0,0,0,0,0,0,0,0,0,2,3,3,0,328
0,0,0,0,0,0,0,0,0,2,2,3,1,329
1,0,0,0,0,0,0,0,1,2,2,3,1,330
0,1,0,0,0,0,0,0,0,1,1,3,0,331
0,1,0,0,0,0,0,1,0,2,1,3,1,332
1,1,0,0,0,0,0,1,0,2,1,3,3,333
0,1,0,0,0,0,0,0,0,2,1,2,4,334
0,1,0,0,0,0,0,0,0,1,1,3,6,335
0,0,0,0,0,0,0,0,0,1,1,3,5,336
0,1,0,0,0,0,0,0,0,2,1,3,5,337
0,1,0,0,0,0,0,0,0,1,1,4,0,338
0,0,0,1,0,0,0,0,0,2,1,4,2,339
0,1,0,0,0,0,0,0,0,2,1,3,4,340
0,1,0,0,0,0,0,0,0,1,1,3,5,341
0,1,0,0,0,0,0,1,1,1,1,3,7,342
0,0,0,0,0,0,0,0,0,2,2,4,3,343
0,1,0,0,0,0,0,0,0,1,1,4,6,344
0,0,0,0,0,0,0,0,0,2,2,2,0,345
0,1,0,0,0,0,0,0,0,2,1,1,0,346
0,0,0,0,0,0,0,0,0,2,2,2,0,347
0,1,0,0,0,0,0,0,0,2,1,2,2,348
0,1,0,0,0,0,0,0,0,2,2,3,1,349
0,0,0,0,0,0,0,0,0,2,2,1,1,350
1,0,0,0,0,0,0,0,0,2,2,2,2,351
0,1,0,0,0,0,0,0,0,2,2,2,3,352
0,0,0,0,0,0,0,0,0,2,1,4,4,353
0,1,0,0,0,0,0,0,0,1,3,3,1,354
0,0,0,0,0,0,0,0,0,1,1,3,0,355
0,0,0,0,0,0,0,1,1,2,3,2,0,356
0,1,0,0,0,0,0,0,0,2,2,4,0,357
0,1,0,0,0,0,0,1,0,1,2,2,3,358
0,1,0,0,0,0,0,0,0,1,1,3,6,359
0,0,0,0,0,0,0,0,0,1,1,2,4,360
0,1,0,0,0,0,0,0,0,1,1,3,6,361
0,0,0,0,0,0,0,0,0,2,1,3,7,362
0,0,0,0,0,0,0,0,0,2,1,2,5,363
0,0,0,0,0,0,0,0,1,2,1,3,5,364
0,1,0,0,0,0,0,0,1,1,1,2,6,365
0,0,0,0,0,0,0,0,0,2,2,2,0,366
0,0,0,0,0,0,0,0,1,2,1,3,0,367
0,1,0,0,0,0,0,0,0,2,1,3,2,368
0,0,0,0,0,0,0,0,0,2,1,4,2,369
0,0,0,0,0,0,0,0,0,1,1,3,5,371
0,1,0,0,0,0,0,0,0,1,1,4,0,372
0,0,0,0,0,0,0,0,0,2,1,3,0,373
0,0,0,0,0,0,0,0,0,2,1,2,1,374
0,0,0,1,0,0,0,1,1,1,1,2,5,375
0,1,0,0,0,0,0,0,0,2,1,3,2,376
0,0,0,0,0,0,0,0,0,2,1,2,2,377
1,1,0,0,0,0,0,0,0,2,1,3,3,378
0,0,0,0,0,0,0,0,0,2,1,4,4,379
0,0,0,0,0,0,0,0,0,2,1,3,0,380
0,0,0,0,0,0,0,0,0,1,1,2,3,381
0,0,0,0,0,0,0,1,1,2,1,3,2,383
0,1,0,0,0,0,0,0,0,1,3,3,1,384
0,1,0,0,0,0,0,1,0,2,1,3,0,385
0,1,0,0,0,0,0,0,0,2,1,3,0,386
0,1,0,0,0,0,0,0,0,2,1,3,3,387
0,0,0,0,0,0,0,0,0,2,1,3,7,388
0,1,0,0,0,0,0,0,0,1,2,3,0,389
0,0,1,0,0,0,0,0,0,2,2,3,3,390
0,0,0,1,0,0,0,1,1,2,3,2,3,391
0,1,0,0,0,0,0,0,0,1,1,3,0,392
0,0,0,0,0,0,0,0,0,2,2,2,1,393
0,1,0,0,0,0,0,0,0,2,3,3,2,394
0,1,0,0,0,0,0,0,1,1,1,3,1,395
0,1,0,0,0,0,0,0,0,1,1,1,4,397
0,0,0,0,0,0,0,0,0,1,1,3,0,398
0,1,0,0,0,0,0,0,0,1,1,3,2,399
0,0,0,0,0,0,0,0,0,1,1,3,3,401
0,1,0,0,0,0,0,0,0,2,3,4,3,402
0,0,0,0,0,0,0,0,0,2,1,2,3,403
0,1,0,0,0,0,0,0,0,2,1,2,5,404
0,0,0,0,0,0,0,0,0,2,1,1,4,405
0,0,0,0,0,0,0,0,0,1,1,3,4,406
0,1,0,0,0,0,0,0,0,2,1,2,2,407
0,0,0,0,0,0,0,0,0,2,1,1,3,409
0,0,0,0,0,0,0,0,0,1,1,2,4,410
0,0,0,0,0,0,0,0,0,2,1,3,3,411
0,1,0,0,0,0,0,0,0,2,1,3,1,412
0,0,0,0,0,0,0,0,0,2,1,4,6,414
0,1,0,0,0,0,0,1,1,2,1,3,3,415
0,0,0,0,0,0,0,0,0,1,1,4,2,416
0,1,0,0,0,0,0,0,1,1,1,2,3,417
0,0,0,0,0,0,0,1,1,1,1,2,3,418
0,1,0,0,0,0,0,0,0,2,3,2,0,419
0,0,0,0,0,0,0,0,0,2,1,2,2,420
0,0,0,0,0,0,0,0,0,1,1,2,6,421
1,0,0,0,0,0,0,0,0,2,1,3,1,422
0,1,0,0,0,0,0,0,0,1,1,3,4,423
0,1,0,0,0,0,0,1,0,2,3,3,1,424
0,0,0,0,0,0,0,0,0,2,1,2,3,425
0,0,0,0,0,0,0,1,1,2,1,3,4,426
0,1,0,0,0,0,0,0,0,1,3,4,1,428
0,1,0,0,0,0,0,0,0,2,1,2,0,429
0,0,0,0,0,0,0,0,0,2,3,3,1,430
0,1,0,0,0,0,0,0,0,2,1,3,0,431
0,0,0,0,0,0,0,0,0,1,1,3,5,432
0,1,0,0,0,0,0,1,1,2,3,2,3,434
0,0,0,0,0,0,0,0,0,1,1,2,0,435
0,1,0,0,0,0,0,0,0,2,3,2,7,436
0,0,0,0,0,0,0,0,0,2,1,3,0,437
0,1,0,0,0,0,0,0,0,2,1,3,6,438
0,0,0,0,0,0,0,0,0,2,1,4,4,439
0,0,0,0,0,0,0,0,0,2,2,1,4,440
0,1,0,0,0,0,0,0,0,1,3,2,2,441
0,0,0,0,0,0,0,0,0,2,1,2,0,442
0,1,0,0,0,0,0,1,0,2,3,3,7,443
0,0,0,0,0,0,0,0,0,2,3,2,0,444
0,1,0,0,0,0,0,1,0,2,2,2,3,445
0,0,0,0,0,0,0,0,0,1,3,3,4,446
0,0,0,0,0,0,0,0,0,2,3,2,1,447
0,0,0,0,0,0,0,1,1,2,2,3,2,448
0,1,0,0,1,0,0,1,0,2,1,3,1,449
0,0,0,0,0,0,0,0,0,2,2,3,1,450
0,0,0,0,0,0,0,0,0,2,1,1,1,452
0,1,0,0,0,0,0,0,0,2,3,3,3,453
0,1,0,0,0,0,0,0,0,2,1,3,0,454
0,1,0,0,0,0,0,0,0,2,2,1,0,455
0,0,0,0,0,0,0,0,0,1,3,3,1,456
0,1,0,1,0,0,0,1,0,1,2,2,2,457
0,0,0,0,0,0,0,0,0,2,3,2,5,458
0,1,1,0,0,0,0,0,0,2,1,2,7,459
0,1,0,0,0,0,0,0,0,2,1,2,1,460
0,1,0,0,0,0,0,1,0,1,1,3,0,461
0,0,0,0,0,0,0,0,0,2,3,2,4,462
0,0,0,0,0,0,0,0,0,1,1,2,2,464
0,0,0,0,0,0,0,1,1,2,1,4,2,465
0,0,0,0,0,0,0,0,0,2,1,3,3,466
0,1,0,0,0,0,0,0,0,2,3,2,1,467
0,1,0,0,0,0,0,0,0,1,1,2,5,468
1,0,0,0,0,0,0,0,0,2,1,4,4,469
0,0,0,0,0,0,0,0,0,2,1,2,7,470
0,1,0,0,0,0,0,1,0,2,1,3,0,471
0,0,0,0,0,0,0,0,0,2,3,2,1,472
0,0,0,0,0,0,0,0,0,2,1,3,0,473
0,0,0,0,0,0,0,0,0,2,3,3,3,475
0,1,0,0,0,0,0,0,0,1,1,3,0,476
0,1,0,0,0,0,0,0,0,2,1,2,2,477
0,0,0,0,0,0,0,1,0,1,3,3,1,478
0,1,0,0,0,0,0,0,0,2,1,3,6,479
0,0,0,0,0,0,0,0,0,1,1,2,2,480
0,1,0,0,0,0,0,0,0,2,3,3,5,481
0,0,0,0,0,0,0,0,0,2,2,2,2,482
0,0,0,0,0,0,0,0,0,1,1,2,4,485
0,1,0,0,0,0,0,0,0,2,2,1,0,486
0,1,0,0,0,0,0,0,0,2,2,3,0,487
0,1,0,0,0,0,0,0,0,2,1,3,2,488
0,0,0,0,0,0,0,1,0,1,1,3,2,489
0,0,1,1,1,0,0,0,0,2,1,3,0,490
1,1,0,0,0,0,0,0,0,2,1,3,5,491
0,1,0,0,0,0,0,0,0,1,1,4,0,492
0,0,0,0,0,0,0,0,0,2,1,4,0,493
0,1,0,0,0,0,0,1,1,1,1,3,6,494
0,0,0,0,0,0,0,0,0,2,1,3,6,495
0,0,0,0,0,0,0,0,0,2,2,2,0,496
0,1,0,0,0,0,0,0,0,2,2,4,4,497
0,1,0,0,0,0,0,0,0,2,1,1,3,498
0,0,0,0,0,0,0,0,0,1,1,4,3,499
0,0,0,0,0,0,0,0,0,1,1,3,2,501
0,1,0,0,0,0,0,0,0,1,2,3,2,502
0,0,0,0,0,0,0,1,0,2,1,3,5,503
0,1,0,0,0,0,0,0,0,1,1,2,4,504
0,0,0,0,0,0,0,0,0,1,3,3,1,505
0,0,0,0,0,0,0,1,0,1,1,3,6,506
0,1,0,0,0,0,0,0,0,1,1,3,3,507
0,0,0,0,0,0,0,0,0,2,3,2,1,508
0,1,0,0,0,0,0,0,0,1,1,3,2,509
0,0,0,0,0,0,0,0,0,2,2,3,2,510
0,0,0,0,0,0,0,0,1,2,3,3,2,511
0,0,0,0,0,0,0,0,0,2,1,4,3,512
0,1,0,0,0,0,0,1,1,1,1,3,3,513
1,0,0,0,0,0,0,0,0,1,1,3,3,514
0,1,0,0,0,0,0,0,0,1,1,3,5,515
1,0,0,1,0,0,0,0,0,2,1,4,5,516
0,1,0,0,0,0,0,0,0,1,1,3,5,517
0,1,0,0,0,0,0,0,0,2,1,3,1,518
0,0,0,0,0,0,0,0,0,2,1,4,1,519
0,1,0,0,0,0,0,0,0,1,1,3,6,520
0,1,0,0,0,0,0,0,0,1,1,2,5,521
0,0,0,0,0,0,0,1,0,2,1,2,6,522
0,1,0,0,0,0,0,0,0,1,1,3,7,523
0,1,0,0,0,0,0,0,0,2,1,3,5,525
0,0,0,0,0,0,0,0,0,2,1,1,3,526
0,1,0,0,0,0,0,0,0,2,1,2,3,527
0,0,0,0,0,0,0,0,0,2,1,3,5,529
0,1,0,0,0,0,0,0,0,2,1,2,2,530
0,1,0,0,0,0,0,0,0,2,2,2,0,531
0,0,0,0,0,0,0,0,0,1,2,1,0,532
0,1,0,0,0,0,0,0,0,1,2,2,2,533
0,1,0,0,0,0,0,0,0,1,1,3,6,534
0,1,0,0,0,0,0,0,0,2,1,3,6,535
0,0,0,0,0,0,0,1,1,2,1,2,7,536
0,1,0,0,0,0,0,0,0,2,3,2,3,537
0,0,0,0,0,0,0,0,0,1,1,3,5,538
0,1,0,0,0,0,0,1,1,2,1,2,4,539
0,1,0,0,0,0,0,1,0,2,1,2,4,540
0,0,0,0,0,0,0,0,0,2,1,3,2,541
0,1,0,0,0,0,0,0,0,1,1,3,4,542
0,0,0,0,0,0,0,0,0,1,2,3,0,543
0,1,0,0,0,0,0,0,0,1,3,2,2,544
0,0,0,0,0,0,0,0,0,2,1,3,3,545
0,0,0,0,0,0,0,1,0,2,1,3,6,546
0,0,0,0,0,0,0,1,0,2,1,2,5,547
1,1,0,0,0,0,0,0,0,1,2,3,1,548
0,1,0,0,0,0,0,0,0,2,2,3,0,549
0,0,0,0,0,0,0,0,0,2,1,3,2,550
0,1,0,0,0,0,0,0,0,1,1,3,3,551
0,0,0,0,0,0,0,0,0,1,1,3,1,552
0,0,0,0,0,0,0,0,0,2,1,3,5,553
0,1,0,0,0,0,0,0,0,2,3,3,1,554
0,0,0,0,0,0,0,0,0,2,1,3,7,555
0,1,0,0,0,0,0,0,0,2,1,3,6,556
0,1,0,0,0,0,0,0,0,1,1,3,5,557
0,1,0,0,0,0,0,0,0,1,1,2,1,558
0,1,0,0,0,0,0,0,0,1,1,3,1,559
0,1,0,0,0,0,0,0,0,1,1,3,0,560
1,0,0,0,0,0,0,1,1,2,1,3,0,561
1,0,0,0,0,0,0,0,0,1,1,3,0,562
0,0,0,0,0,0,0,0,0,1,1,2,1,565
0,1,0,1,0,0,0,0,0,2,1,3,0,566
0,0,0,0,0,0,0,0,0,2,1,2,1,567
0,1,0,0,0,0,0,0,0,1,1,3,0,568
0,1,0,0,0,0,0,0,0,1,1,3,2,569
0,0,0,0,0,0,0,1,0,2,1,3,0,571
0,0,0,0,0,0,0,0,0,2,1,3,5,572
0,1,0,0,0,0,0,0,0,1,1,3,0,573
0,1,0,0,0,0,0,0,0,1,2,2,1,574
0,0,0,0,0,0,0,0,0,2,2,2,1,575
0,1,0,0,0,0,0,0,0,2,2,1,1,576
0,0,0,0,0,0,0,0,0,2,1,2,1,577
0,1,0,0,0,0,0,0,0,1,2,2,0,578
0,0,0,0,0,0,0,0,0,2,2,3,0,579
0,1,0,0,0,0,0,0,0,1,1,2,4,580
0,1,0,0,0,0,0,0,0,2,1,3,1,581
0,0,0,0,0,0,0,1,0,1,1,2,3,582
1,0,0,0,0,0,0,1,1,2,3,2,2,583
0,0,0,0,0,0,0,0,0,1,1,3,4,584
0,0,0,0,0,0,0,0,0,2,1,2,3,585
0,1,0,0,0,0,0,0,0,2,3,2,3,586
0,1,0,0,0,0,0,0,0,1,3,2,1,587
0,0,0,0,0,0,0,0,0,2,2,3,0,588
0,1,0,0,0,0,0,0,0,2,2,2,1,589
0,1,0,0,0,0,0,0,0,2,2,2,0,590
0,0,0,0,0,0,0,0,0,2,3,2,3,591
0,0,0,0,0,0,0,0,0,1,2,3,2,592
1,1,0,0,0,0,0,0,0,2,2,2,0,593
0,1,0,0,0,0,0,0,0,2,2,2,1,594
0,0,0,0,0,0,0,0,0,1,2,3,0,595
0,1,0,0,0,0,0,0,0,1,1,3,6,596
0,0,0,0,0,0,0,0,0,1,3,2,4,597
0,1,0,0,0,0,0,0,0,2,1,2,3,598
0,0,0,0,0,0,0,0,0,2,2,2,0,599
0,1,0,0,0,0,0,0,1,1,3,2,3,600
0,0,0,0,0,0,0,0,0,2,1,1,1,601
0,0,0,0,0,0,0,0,0,1,1,3,6,602
0,1,0,0,0,0,0,1,0,1,1,3,6,603
0,0,0,0,0,0,0,0,0,1,1,2,3,604
1,0,0,0,0,0,0,0,0,2,1,3,1,605
0,0,0,0,0,0,0,0,0,1,3,2,3,606
0,1,0,0,0,0,0,0,0,2,3,2,3,607
0,1,0,0,0,0,0,0,0,2,1,2,1,608
0,0,0,0,0,0,0,0,0,2,1,2,6,609
0,0,0,0,0,0,0,0,0,1,3,2,4,610
0,1,0,0,0,0,0,0,0,1,3,1,6,611
0,0,0,0,0,0,0,0,0,2,3,2,3,612
0,0,0,0,0,0,0,1,0,1,3,2,3,613
0,0,0,0,0,0,0,0,0,2,1,2,3,614
0,0,0,0,0,0,0,0,0,2,1,2,3,615
0,0,0,0,0,0,0,0,0,2,3,1,1,616
0,1,0,0,0,0,0,0,0,2,3,1,3,617
0,0,0,0,0,0,0,0,0,2,3,3,4,618
0,0,0,0,0,0,0,0,0,2,3,2,2,619
0,1,0,0,0,0,0,0,0,2,1,2,6,620
0,0,0,0,0,0,0,0,0,2,1,4,5,621
0,1,0,0,0,0,0,0,0,2,2,2,2,622
1,1,0,0,0,0,0,0,0,2,1,3,2,623
0,1,0,0,0,0,0,0,0,1,3,1,2,624
0,1,0,0,0,0,0,0,0,2,1,3,4,625
0,1,0,0,0,0,0,0,0,2,1,2,2,626
0,0,1,0,0,1,0,0,0,2,3,3,5,627
1,0,0,0,0,0,0,0,0,2,2,2,2,628
0,0,0,0,0,0,0,0,0,1,1,3,6,629
0,1,1,0,0,0,0,0,0,2,2,2,1,632
0,1,0,0,0,0,0,0,0,2,2,2,0,633
0,0,0,0,0,0,0,0,0,2,2,2,1,634
0,0,0,0,0,0,0,0,0,2,2,2,2,636
0,1,0,0,0,0,0,0,0,2,3,2,2,637
0,0,0,0,0,0,0,0,0,1,2,1,2,638
0,0,0,0,0,0,0,0,0,2,2,1,0,639
0,1,0,0,0,0,0,0,0,2,1,2,5,640
0,1,0,0,0,0,0,0,0,1,1,3,7,641
0,0,0,0,0,0,0,0,0,1,2,2,2,642
0,1,0,0,0,0,0,0,0,1,1,3,6,643
0,0,0,0,0,0,0,1,0,1,1,2,3,644
0,1,0,0,0,0,0,0,0,2,1,2,3,645
0,0,0,0,0,0,0,1,0,2,1,3,5,646
0,1,0,0,0,0,0,0,0,2,1,2,6,647
0,1,0,0,0,0,0,0,1,1,1,2,3,648
0,0,0,0,0,0,0,0,0,2,3,2,2,649
0,1,0,0,0,0,0,0,0,1,3,2,2,650
0,1,0,0,0,0,0,0,0,2,2,1,5,651
0,0,0,0,0,0,0,0,0,2,3,3,3,652
0,1,0,0,0,0,0,0,0,2,2,2,1,653
0,1,0,0,0,0,0,0,0,1,2,3,2,654
0,0,0,0,0,0,0,0,0,2,2,1,0,655
0,0,0,0,0,0,0,0,0,2,1,3,3,656
0,1,0,0,0,0,0,0,0,1,2,2,1,657
0,1,0,0,0,0,0,0,0,1,1,3,3,658
0,0,0,0,0,0,0,0,0,2,2,2,3,659
0,1,0,0,0,0,0,0,0,1,2,2,0,660
0,0,0,0,0,0,0,0,0,1,1,2,2,661
0,0,0,0,0,0,0,0,0,1,2,3,2,662
0,0,0,0,0,0,0,0,0,2,3,2,4,664
0,1,0,0,0,0,0,0,0,1,2,3,0,665
0,0,0,0,0,0,0,0,0,2,2,2,5,666
0,1,0,0,0,0,0,0,0,1,1,2,4,667
0,1,0,0,0,0,0,0,0,2,2,3,1,668
0,0,0,0,0,0,0,0,0,2,1,3,0,669
0,0,0,0,0,0,0,0,0,2,1,2,6,670
0,1,0,0,0,0,0,0,0,1,2,2,0,671
0,1,0,0,0,0,0,0,0,1,1,4,7,672
0,0,0,0,0,0,0,0,1,1,1,2,3,673
0,1,0,0,0,0,0,0,0,2,1,3,1,674
0,0,0,0,0,0,0,0,0,2,1,2,6,675
0,0,0,0,0,0,0,1,1,1,1,2,7,676
0,0,0,0,0,0,0,0,0,1,2,3,1,677
0,0,0,0,0,0,0,0,0,1,2,3,0,678
0,0,0,0,0,0,0,0,0,2,2,2,3,680
0,1,0,0,0,0,0,0,0,1,2,3,0,681
0,1,0,0,0,0,0,0,0,2,1,2,3,684
0,1,0,0,0,0,0,0,0,1,1,3,4,685
1,0,0,0,0,0,0,0,0,2,1,3,3,686
0,0,0,0,0,0,0,0,0,2,1,2,3,687
0,0,0,0,0,0,0,0,0,2,3,2,2,688
0,1,0,0,0,0,0,0,0,1,2,1,3,689
0,0,0,0,0,0,0,0,0,1,2,3,0,690
0,1,0,0,0,0,0,0,0,1,2,1,1,691
0,0,0,0,0,0,0,0,0,2,2,2,1,692
0,0,0,0,0,0,0,0,0,2,2,3,0,694
0,0,0,0,0,0,0,1,0,1,1,1,4,695
0,1,0,0,0,0,0,0,0,1,3,2,3,696
0,1,0,0,0,0,0,0,0,2,3,1,4,697
0,1,0,0,0,0,0,1,0,2,1,2,3,698
0,0,0,0,0,0,0,0,0,2,1,2,3,699
0,1,0,0,0,0,0,0,0,2,2,3,0,700
0,0,0,0,0,0,0,0,0,1,3,2,3,701
0,0,0,0,0,0,0,1,0,2,2,3,0,702
0,1,0,0,0,0,0,0,0,1,2,1,0,703
0,1,0,0,0,0,0,1,1,2,1,2,1,704
0,0,0,0,0,0,0,0,0,2,1,3,5,705
0,1,0,0,0,0,0,0,0,2,1,3,2,706
0,1,0,0,0,0,0,0,0,1,1,4,6,707
0,1,0,0,0,0,0,0,0,1,1,2,3,708
1,1,0,0,0,0,0,1,0,2,1,3,0,709
0,0,0,0,0,0,0,0,0,2,1,3,7,710
1,0,0,0,0,0,0,0,0,1,1,1,3,711
0,1,0,0,0,0,0,0,0,1,2,3,2,712
0,0,0,0,0,0,0,0,0,2,1,4,5,713
0,1,0,0,0,0,0,0,0,1,1,3,0,714
0,0,0,0,0,0,0,0,0,2,2,3,0,715
0,1,0,0,0,0,0,0,0,1,1,3,5,716
0,0,0,0,0,0,0,1,0,1,3,3,1,717
0,1,0,0,0,0,0,0,0,1,1,3,3,718
0,0,0,0,0,0,0,1,0,2,1,3,0,719
0,1,0,0,0,0,0,0,0,1,1,3,1,720
0,0,0,0,0,0,0,0,0,2,1,3,5,721
0,1,0,0,0,0,0,0,0,2,2,3,1,722
0,1,0,0,0,0,0,1,0,2,1,3,2,723
0,0,0,0,0,0,0,0,0,1,2,2,7,724
0,0,0,0,0,0,0,0,0,2,2,1,0,725
0,0,0,0,0,0,0,0,0,1,2,2,0,726
0,1,0,0,0,0,0,0,0,1,2,2,1,727
0,0,0,0,0,0,0,0,0,1,2,2,1,728
0,0,0,0,0,0,0,0,0,1,2,2,2,729
0,1,0,0,0,0,0,0,0,1,2,2,3,730
0,0,0,0,0,0,0,0,0,2,2,3,1,731
0,1,0,0,0,0,0,0,0,2,2,2,0,732
0,0,0,1,0,0,0,1,1,2,1,3,0,733
0,1,0,0,0,0,0,0,0,1,1,3,4,734
0,0,0,0,0,0,0,0,0,2,1,3,1,735
0,1,0,0,0,0,0,0,0,1,1,2,2,736
0,1,0,0,0,0,0,0,1,2,1,3,6,737
0,1,0,0,0,0,0,0,0,1,1,3,5,738
0,0,0,1,0,0,0,0,0,2,2,3,0,739
0,0,0,0,0,0,0,0,0,2,1,2,2,741
0,1,0,0,0,0,0,0,0,1,2,2,0,742
0,0,0,0,0,0,0,0,0,1,1,3,3,743
0,0,0,0,0,0,0,0,0,2,1,2,4,744
0,1,0,0,0,0,0,0,0,1,1,3,5,745
0,1,0,0,0,0,0,0,0,2,2,3,0,746
0,1,0,0,0,0,0,0,0,2,1,2,0,747
0,1,0,0,0,0,0,0,0,2,2,1,1,748
0,0,0,0,0,0,0,0,0,1,2,2,0,749
0,0,0,0,0,0,0,0,0,2,2,2,0,750
0,0,0,0,0,0,0,0,0,2,1,3,2,751
0,1,0,0,0,0,0,0,0,1,1,3,0,752
0,0,0,0,0,0,0,0,0,1,1,3,2,753
0,0,0,0,0,0,0,0,0,1,3,3,1,754
0,0,0,0,0,0,0,0,0,1,1,2,7,755
0,1,0,0,0,0,0,0,0,1,1,2,3,756
0,1,0,0,0,0,0,0,0,1,1,2,0,757
0,0,0,0,0,0,0,0,0,2,1,2,0,758
0,0,0,0,0,0,0,0,0,2,1,3,0,759
0,0,0,0,0,0,0,0,0,1,3,2,1,760
0,1,0,0,0,0,0,0,0,1,1,4,6,761
0,0,0,0,0,0,0,0,0,2,1,3,2,762
0,0,0,0,0,0,0,0,0,2,1,3,3,763
0,0,0,0,0,0,0,0,0,2,3,3,3,764
0,0,0,0,0,0,0,0,0,1,1,3,6,765
0,1,0,0,0,0,0,0,0,1,1,3,2,766
0,0,0,0,0,0,0,0,0,2,1,3,2,767
1,0,0,0,0,0,0,1,0,1,1,2,4,769
0,1,0,0,0,0,0,0,0,1,1,4,0,770
0,0,0,0,0,0,0,0,0,1,1,3,2,771
0,1,0,0,0,0,0,0,0,2,1,3,5,772
0,0,0,0,0,1,0,0,0,1,1,2,3,773
0,1,0,0,0,0,0,0,0,2,1,2,3,774
0,0,0,0,0,0,0,0,0,2,1,2,0,775
0,0,0,0,0,0,0,0,0,2,1,2,1,776
0,1,0,0,0,0,0,0,0,1,1,3,3,777
0,0,0,0,0,0,0,1,1,1,1,2,4,778
0,1,0,0,0,0,0,0,0,1,1,3,1,779
0,0,0,0,0,0,0,0,0,2,1,2,5,780
0,0,0,0,0,0,0,1,0,2,1,2,1,781
0,1,0,0,0,0,0,0,0,1,1,3,5,782
0,1,0,0,0,0,0,0,0,2,1,2,5,783
0,1,0,0,0,0,0,0,0,2,1,2,0,784
0,1,0,0,0,0,0,0,0,1,1,2,2,785
0,0,0,0,0,0,0,1,1,2,1,2,6,786
0,0,0,0,0,0,0,0,0,2,1,2,6,787
0,0,0,0,0,0,0,0,0,2,3,3,5,788
0,1,0,0,0,0,0,1,0,1,1,3,3,789
0,0,0,0,0,0,0,0,0,1,1,3,2,790
0,0,0,1,0,0,0,0,0,2,1,3,1,791
0,1,0,0,0,0,0,0,0,2,1,3,5,792
0,1,0,0,0,0,0,0,0,2,1,2,5,793
0,0,0,1,1,0,0,1,0,2,2,2,3,794
0,1,0,0,0,0,0,0,0,1,2,2,2,795
0,1,0,0,0,0,0,0,0,2,2,2,0,796
0,0,0,0,0,0,0,0,0,2,3,2,5,797
0,1,0,0,0,0,0,0,0,2,2,2,0,798
0,1,0,0,0,0,0,0,0,2,1,2,1,799
0,0,0,0,0,0,0,0,0,1,1,1,0,800
0,1,0,0,0,0,0,0,0,1,3,1,1,801
0,0,0,0,0,0,0,0,0,2,1,3,4,802
0,1,1,0,0,0,0,0,0,2,3,2,3,803
0,1,0,0,0,0,0,1,1,1,1,3,4,804
0,1,0,0,0,0,0,0,0,1,3,2,1,805
0,1,0,0,0,0,0,0,0,1,2,1,1,806
0,0,0,0,0,0,0,1,0,2,1,3,2,807
0,1,0,0,0,0,0,0,0,1,3,2,2,808
0,0,0,0,0,0,0,0,0,2,3,2,2,809
0,1,0,0,0,0,0,0,0,1,1,1,7,810
0,1,0,0,0,0,0,0,0,1,1,2,2,811
0,0,0,0,0,0,0,0,0,1,1,2,2,812
0,0,0,0,0,0,0,1,1,2,2,1,2,813
0,0,0,0,0,0,0,0,0,2,3,2,2,814
1,0,0,0,0,0,0,0,0,2,2,2,0,815
0,0,0,0,0,0,0,0,0,1,1,1,6,817
0,1,0,0,0,0,0,0,0,1,2,3,3,818
0,0,0,0,0,0,0,0,0,1,3,1,3,819
0,0,0,0,0,0,0,0,0,1,2,3,2,820
0,1,0,0,0,0,0,0,1,2,1,3,3,821
0,0,0,0,0,0,0,0,0,1,1,3,4,823
0,1,0,0,0,0,0,1,0,2,1,3,3,825
0,0,0,0,0,0,0,0,0,1,1,3,5,827
0,1,0,0,0,0,0,0,0,1,1,4,5,828
0,0,0,0,0,0,0,0,0,2,1,2,4,829
0,1,0,0,0,0,0,0,0,1,1,3,1,831
0,0,0,0,0,0,0,0,0,1,1,2,4,833
0,1,0,0,0,0,0,1,1,1,1,3,6,834
0,0,0,0,0,0,0,1,0,2,1,3,4,835
0,1,0,0,0,0,0,0,0,1,1,3,1,836
0,1,0,0,0,0,0,1,0,2,1,2,7,837
0,0,0,0,0,0,0,0,0,1,3,3,3,838
0,0,0,0,0,0,0,0,0,1,3,3,3,839
0,1,0,0,0,0,0,0,0,1,1,3,6,840
0,0,0,0,0,0,0,0,0,2,3,2,3,841
0,1,0,0,0,0,0,0,0,2,1,2,0,842
0,0,0,0,0,0,0,0,0,2,1,2,2,843
0,1,0,0,0,0,0,0,0,2,1,1,0,844
0,1,0,0,0,0,0,0,0,1,1,3,6,845
0,0,0,0,0,0,0,0,0,2,1,3,5,846
0,1,0,0,0,0,0,0,0,1,3,2,3,847
0,0,0,0,0,0,0,0,0,2,1,2,1,848
0,1,0,0,0,0,0,0,0,1,1,2,1,849
0,0,0,0,0,0,0,0,0,2,1,2,1,850
0,1,0,0,0,0,0,0,0,2,3,2,4,851
0,1,0,0,0,0,0,0,0,1,3,2,3,852
0,1,0,1,0,0,0,0,0,2,3,2,3,854
0,0,0,0,0,0,0,0,0,1,1,2,0,855
0,0,0,0,0,0,0,0,0,2,1,3,5,856
0,1,0,0,0,0,0,0,0,1,1,2,4,857
0,0,0,0,0,0,0,0,0,2,1,4,4,858
1,1,0,0,0,0,0,1,0,2,2,3,0,859
0,0,0,0,0,0,0,1,0,1,2,3,1,860
0,1,0,0,0,0,0,1,0,1,2,3,3,861
0,0,0,0,0,0,0,1,0,2,1,3,3,862
0,1,0,0,0,0,0,0,1,1,1,2,7,863
0,0,0,0,0,0,0,1,0,2,1,1,6,864
0,1,0,0,0,0,0,0,0,1,2,2,6,865
1,0,0,0,0,0,0,0,0,2,1,2,4,866
0,0,0,0,0,0,0,0,0,1,1,2,7,867
0,1,0,0,0,0,0,0,0,2,1,3,6,868
0,0,0,0,0,0,0,0,0,2,1,4,7,869
0,1,0,0,0,0,0,1,1,2,1,2,1,870
0,0,0,0,0,0,0,0,0,2,2,1,3,871
0,1,0,0,0,0,0,0,0,2,1,3,2,872
0,0,0,0,0,0,0,0,0,2,1,3,6,873
0,0,0,0,0,0,0,0,0,1,1,3,2,874
0,1,0,0,0,0,0,0,0,1,1,4,6,875
0,0,0,0,0,0,0,0,0,2,1,3,0,876
0,1,0,0,0,0,0,0,0,1,1,3,6,877
0,0,0,0,0,0,0,0,0,2,1,3,3,878
0,1,0,0,0,0,0,1,1,2,1,2,7,879
0,0,0,0,0,0,0,1,0,2,1,3,0,880
0,1,0,0,0,0,0,1,0,2,1,3,5,881
0,0,0,0,0,0,0,0,0,2,1,3,5,882
0,0,0,0,0,0,0,0,0,2,1,1,3,883
0,0,0,0,0,0,0,0,0,1,1,3,5,884
0,1,0,0,0,0,0,0,0,2,1,2,4,885
0,0,0,0,0,0,0,0,0,2,1,2,5,886
0,1,0,0,0,0,0,0,0,1,1,3,1,887
1,0,0,0,0,0,0,1,0,2,1,3,3,888
0,1,0,0,0,0,0,1,0,2,1,2,1,889
0,1,0,0,0,0,0,0,0,2,1,2,2,890
0,1,0,0,0,0,0,0,0,1,1,1,5,891
0,0,0,0,0,0,0,0,0,2,1,2,1,893
0,1,0,0,0,0,0,0,0,1,2,2,2,894
0,1,0,0,0,0,0,0,0,1,2,2,3,895
0,0,0,0,0,0,0,0,0,1,2,2,2,896
0,1,0,0,0,0,0,0,0,1,2,3,1,897
0,0,0,0,0,0,0,0,0,2,1,3,2,898
0,0,0,0,0,0,0,0,0,1,1,2,2,900
0,0,0,0,0,0,0,0,0,2,1,1,0,901
0,1,0,0,0,0,0,0,0,1,1,1,1,902
0,0,0,0,0,0,0,0,0,1,1,3,5,903
0,1,0,0,0,0,0,1,0,1,2,3,3,904
0,0,0,0,0,0,0,0,0,2,2,2,3,905
0,1,0,0,0,0,0,0,0,1,2,3,3,906
0,0,0,0,0,0,0,0,0,2,2,3,3,907
0,0,0,0,0,0,0,0,0,2,2,1,2,911
1,1,0,0,0,0,0,0,0,1,2,3,1,912
0,0,0,0,0,0,0,0,0,2,1,2,1,913
0,1,0,0,0,0,0,0,0,1,1,3,3,914
0,1,0,0,0,0,0,0,0,1,1,2,3,915
0,0,0,0,0,0,0,0,0,2,1,2,1,916
0,1,0,0,0,0,0,0,0,2,1,2,7,917
0,0,0,0,0,0,0,0,0,1,1,2,5,918
1,1,0,0,0,0,0,0,1,2,1,2,2,920
0,1,0,0,0,0,0,0,0,2,1,3,7,921
0,1,0,0,0,0,0,1,1,1,1,2,3,922
0,1,0,0,0,1,0,0,0,2,1,2,6,923
0,0,0,0,0,0,0,1,0,2,1,3,5,924
0,1,0,0,0,0,0,0,0,1,1,3,0,925
0,1,0,0,0,0,0,0,0,1,1,2,7,926
0,0,0,0,0,0,0,1,0,2,1,2,4,927
0,0,0,0,0,0,0,1,0,2,1,2,6,929
0,0,0,0,0,0,0,1,1,1,1,3,1,930
1,1,0,0,0,0,0,1,0,1,1,3,5,931
0,1,0,1,0,0,0,0,0,1,1,3,5,932
0,0,0,0,0,0,0,0,0,1,1,3,5,933
0,1,0,0,0,0,0,0,0,2,1,3,6,934
0,1,0,0,0,0,0,1,1,1,1,3,0,936
0,1,0,0,0,0,0,1,0,1,1,3,7,937
0,0,0,0,0,0,0,0,0,2,1,2,4,938
0,0,0,0,0,0,0,0,0,2,1,2,6,939
0,0,0,0,0,0,0,1,0,1,1,1,2,940
0,1,0,0,0,0,0,0,0,2,2,2,2,941
0,1,0,0,0,0,0,0,0,1,1,1,2,942
0,0,1,0,0,0,0,1,0,2,1,2,0,943
0,1,0,0,0,0,0,1,1,2,1,2,7,944
0,0,0,0,0,0,0,0,0,1,2,2,3,945
0,1,0,0,0,0,0,0,0,2,3,2,2,946
0,0,0,0,0,0,0,0,0,2,1,3,5,947
1,1,0,1,0,0,0,0,0,1,3,3,3,948
0,0,0,0,0,0,0,0,0,1,2,2,6,949
0,0,0,0,0,0,0,1,0,2,1,2,3,950
0,0,0,0,0,0,0,1,0,2,1,2,1,951
0,1,0,0,0,0,0,0,0,2,1,2,4,952
0,0,0,0,0,0,0,0,0,1,1,3,0,953
0,1,0,0,0,0,0,0,0,2,1,2,3,954
0,1,0,0,0,1,0,1,0,2,1,3,6,955
0,0,0,0,0,0,0,0,0,1,1,3,2,956
0,1,0,0,0,0,0,0,0,2,1,3,6,957
0,0,0,0,0,0,0,0,0,1,1,2,1,958
0,1,0,0,0,0,0,0,0,1,1,3,1,959
1,0,0,0,0,0,0,1,0,1,3,2,3,960
0,0,0,0,0,0,0,0,0,1,1,2,3,961
0,1,0,0,0,0,0,0,0,2,1,3,5,962
0,0,0,0,0,0,0,0,0,1,2,3,1,963
0,0,0,0,0,0,0,0,0,2,1,2,6,964
0,1,0,0,0,0,0,0,0,1,1,3,4,965
0,0,0,0,0,0,0,0,0,1,1,2,6,966
0,1,0,0,0,0,0,0,0,2,3,1,5,967
0,1,0,0,0,0,0,0,0,1,2,2,0,968
0,0,0,0,0,0,0,0,0,2,2,2,3,969
0,1,0,0,0,0,0,0,0,2,3,1,1,970
0,1,0,0,0,0,0,0,0,1,1,2,4,971
0,0,0,0,0,0,0,0,0,2,1,3,1,972
0,1,0,0,0,0,0,0,0,1,1,1,3,973
0,1,0,0,0,0,0,0,0,2,2,2,3,974
0,1,0,0,0,0,0,0,0,1,1,3,1,975
0,0,0,0,0,0,0,0,0,2,1,3,4,976
0,1,0,0,0,0,0,0,0,1,1,2,4,977
0,0,0,0,0,0,0,0,0,2,1,3,4,978
0,1,0,0,0,0,0,0,0,1,1,3,1,979
0,0,0,0,0,0,0,0,0,1,1,3,4,980
0,0,0,0,0,0,0,0,0,2,1,3,1,982
0,0,0,0,0,0,0,0,0,1,1,3,5,983
0,0,0,0,0,1,0,0,0,1,3,2,1,984
0,0,0,0,0,0,0,0,0,1,1,3,1,985
0,1,0,0,0,0,0,0,0,2,1,3,5,986
0,0,0,0,0,0,0,1,1,1,1,3,5,987
0,0,0,0,0,0,0,0,0,2,1,3,5,988
0,0,0,0,0,0,0,0,0,2,1,3,6,989
0,1,0,0,0,0,0,0,0,1,1,3,5,990
0,0,0,0,1,0,0,0,0,1,1,2,3,992
0,1,0,0,0,0,0,0,0,1,1,2,0,993
0,1,0,0,0,0,0,0,0,1,1,3,6,994
0,1,0,0,0,0,0,0,0,2,1,2,3,995
0,0,0,0,0,0,0,0,0,2,1,3,7,996
0,1,0,0,0,0,0,0,0,2,1,1,3,997
0,0,0,0,0,0,0,1,0,2,1,2,1,998
0,0,0,0,0,0,0,1,0,2,1,3,2,999
0,0,0,0,0,0,0,0,0,2,1,2,4,1000
0,0,0,0,0,0,0,0,0,2,1,3,7,1001
0,1,0,0,0,0,0,0,0,2,1,2,1,1002
0,0,0,0,0,0,0,0,0,1,1,3,6,1003
0,1,0,0,0,0,0,0,0,2,1,2,2,1004
1,0,0,0,0,0,0,0,0,1,3,3,2,1005
1,0,0,0,0,0,0,1,1,1,2,2,2,1007
0,0,0,0,0,0,0,0,0,2,1,3,1,1008
0,1,0,0,0,0,0,0,0,1,1,3,5,1009
0,0,0,0,0,0,0,0,0,1,3,3,4,1010
1,0,0,0,0,0,0,0,0,2,1,2,0,1011
0,1,0,0,0,0,0,0,0,2,2,2,5,1012
0,0,0,0,0,0,0,0,0,2,1,2,6,1013
0,1,0,0,0,0,0,0,0,2,1,3,6,1014
0,0,0,0,0,0,0,0,0,2,1,3,1,1015
0,0,0,0,0,0,0,0,0,1,1,3,4,1016
0,0,0,0,0,0,0,0,0,2,1,3,5,1017
0,0,0,0,0,0,0,0,0,2,2,2,0,1018
0,1,0,0,0,0,0,0,0,1,3,2,2,1019
0,0,0,0,0,0,0,0,0,2,1,1,0,1020
0,1,0,0,0,0,0,0,0,2,2,2,0,1021
0,1,0,0,0,0,0,0,0,2,1,2,1,1022
0,1,0,0,0,0,0,0,0,2,1,1,2,1024
0,1,0,0,0,0,0,0,0,1,1,3,5,1025
0,1,0,0,0,0,0,1,1,1,1,2,6,1026
0,1,0,0,0,0,0,0,0,1,1,2,6,1027
0,0,0,0,0,0,0,0,0,1,1,4,2,1028
0,0,0,0,0,0,0,0,0,1,1,3,6,1029
0,0,0,0,0,0,0,0,0,2,1,3,5,1030
0,1,0,1,0,0,0,0,0,1,1,3,4,1031
0,0,0,0,0,0,0,0,0,2,1,2,1,1032
0,1,0,0,0,0,0,0,0,1,1,2,6,1033
0,0,0,0,0,0,0,0,0,2,1,2,4,1034
0,0,0,0,0,0,0,0,0,1,1,2,4,1035
0,0,0,0,0,0,0,0,0,1,1,2,2,1036
0,0,0,0,0,0,0,1,0,2,1,2,1,1037
0,1,0,0,0,0,0,0,0,1,1,2,5,1038
0,1,0,0,0,0,0,0,0,1,2,3,3,1039
0,0,0,0,0,0,0,0,0,2,1,3,2,1040
0,0,0,0,0,0,0,0,0,1,1,3,5,1041
0,0,0,0,0,0,0,0,0,2,2,3,1,1042
0,1,0,0,0,0,0,0,0,1,3,2,2,1043
0,0,0,0,0,0,0,0,0,1,1,3,3,1044
0,0,0,0,0,0,0,0,0,2,3,2,0,1045
0,1,0,0,0,0,0,1,0,2,1,3,2,1046
0,0,0,0,0,0,0,0,0,2,1,3,6,1047
0,0,0,0,0,0,1,1,0,2,1,3,1,1048
0,1,0,0,0,0,0,0,0,1,2,4,1,1049
0,0,0,0,0,0,0,1,0,2,2,1,0,1050
0,1,0,0,0,0,0,0,0,1,2,4,0,1051
0,1,0,0,0,0,0,1,0,2,1,2,6,1052
0,0,0,0,0,0,0,0,0,2,1,3,1,1053
0,0,0,0,0,0,0,0,0,1,1,2,0,1054
0,0,0,0,0,0,0,0,0,2,1,2,4,1055
0,0,0,0,0,0,0,0,0,1,1,1,0,1056
0,0,0,0,0,0,0,0,0,1,1,2,4,1057
0,1,0,0,0,0,0,0,0,1,1,2,5,1058
0,0,0,0,0,0,0,1,1,1,1,2,7,1059
0,0,0,0,0,0,0,0,0,2,1,2,2,1060
0,1,0,0,0,0,0,0,0,1,1,2,5,1061
0,0,0,0,0,0,0,0,1,1,1,2,3,1062
0,0,0,0,0,0,0,0,0,2,1,2,4,1063
0,0,0,0,0,0,0,0,0,2,1,3,6,1064
0,1,0,0,0,0,0,1,0,1,3,2,1,1065
0,0,0,0,0,0,0,0,0,2,1,3,5,1066
0,0,0,0,0,0,0,0,0,1,1,2,4,1067
0,1,0,0,0,0,0,0,0,1,1,2,4,1068
0,1,0,0,0,0,0,0,0,2,3,3,5,1069
0,1,0,0,0,0,0,0,0,2,2,2,1,1070
0,0,0,0,0,0,0,0,0,1,1,2,6,1071
0,1,0,0,0,0,0,0,0,2,2,1,3,1072
0,0,0,0,0,0,0,0,0,2,2,1,0,1073
0,1,0,0,0,0,0,0,0,2,2,1,0,1074
0,0,0,0,0,0,0,0,0,2,1,2,4,1075
0,1,0,0,0,0,0,0,0,1,1,3,4,1076
0,0,0,0,0,0,0,0,0,2,1,3,5,1077
0,1,0,0,0,0,0,0,0,2,1,3,0,1078
0,0,0,0,0,0,0,0,0,1,1,2,4,1079
0,0,1,1,0,0,0,0,0,1,1,3,0,1080
0,1,0,0,0,0,0,0,0,1,1,2,3,1081
0,1,0,0,0,0,0,0,0,1,1,2,2,1082
0,1,0,0,0,0,0,0,0,1,3,2,2,1083
0,1,0,0,0,0,0,1,1,2,1,3,3,1084
0,0,0,0,0,0,0,0,0,2,1,2,0,1085
0,1,0,0,0,0,0,0,0,2,1,2,3,1086
0,0,0,0,0,0,0,0,0,2,1,3,1,1087
0,1,0,0,0,0,0,0,0,2,1,3,4,1088
0,0,0,0,0,0,0,0,0,1,1,2,6,1089
0,1,0,0,0,0,0,0,0,1,1,3,5,1090
0,0,0,0,0,0,0,0,0,1,1,3,6,1091
0,1,0,0,0,0,0,0,0,1,3,3,5,1092
0,1,0,0,0,0,0,0,0,1,1,3,4,1094
1,0,0,0,0,0,0,0,0,2,1,3,6,1095
0,1,0,0,0,0,0,0,0,1,1,2,2,1096
0,0,0,0,0,0,0,0,0,1,1,2,1,1097
0,0,0,0,0,0,0,0,0,1,1,2,0,1098
0,0,0,0,0,0,0,0,0,2,2,2,3,1100
0,0,0,0,0,0,0,0,0,1,1,1,3,1101
0,1,0,0,0,0,0,0,0,2,1,2,2,1102
0,1,0,0,0,0,0,0,0,1,1,2,3,1103
0,0,0,0,0,0,0,0,0,1,1,3,4,1104
0,1,0,0,0,0,0,0,0,1,1,1,4,1105
0,1,0,0,0,0,0,0,0,2,2,2,1,1106
0,0,0,0,0,0,0,0,0,1,2,2,2,1107
0,1,0,0,0,0,0,0,0,1,1,2,5,1108
1,1,0,0,0,0,0,0,0,1,1,3,1,1109
0,1,0,0,0,0,0,0,0,2,1,2,2,1110
0,1,0,0,0,0,0,0,0,2,1,2,1,1111
1,1,0,0,0,0,0,0,0,1,1,3,7,1112
0,1,0,0,0,0,0,0,0,2,1,4,3,1113
0,0,0,0,0,0,0,0,0,1,1,3,4,1114
0,1,0,0,0,0,0,0,0,1,1,2,7,1115
0,1,0,0,0,0,0,0,0,2,1,3,3,1116
0,0,0,0,0,0,0,0,0,2,2,2,1,1117
0,0,0,0,0,0,0,0,0,2,2,3,3,1118
0,1,0,0,0,0,0,0,0,2,2,1,7,1119
0,0,0,0,0,0,0,1,0,2,1,2,2,1120
0,1,0,0,0,0,0,0,0,2,3,3,4,1121
0,0,0,0,0,0,0,0,0,2,3,3,7,1122
0,1,0,0,0,0,0,0,0,1,1,2,0,1123
0,1,0,0,0,0,0,0,0,2,1,2,3,1124
0,0,0,0,0,0,0,0,0,1,1,3,6,1125
0,1,0,0,0,0,0,0,0,1,1,3,1,1126
0,0,0,0,0,0,0,0,0,2,1,3,4,1127
0,0,0,0,0,0,0,0,0,2,3,3,0,1128
0,1,0,0,0,0,0,0,0,1,1,2,0,1129
0,0,0,0,0,0,0,0,0,1,1,3,5,1130
0,1,0,0,0,0,0,0,0,1,2,3,2,1131
0,1,0,0,0,0,0,0,0,1,1,3,0,1132
0,0,0,0,0,0,0,0,0,1,1,3,1,1133
0,1,0,0,0,0,0,0,0,1,1,1,2,1134
0,1,0,0,0,0,0,0,0,1,1,3,6,1135
0,1,0,0,0,0,0,0,0,2,1,2,4,1136
0,0,0,0,0,0,0,1,0,1,1,2,6,1137
0,0,0,0,0,0,0,1,1,1,3,2,3,1138
0,0,0,0,0,0,0,0,0,2,1,2,6,1139
0,0,0,0,0,0,0,0,0,2,1,3,0,1140
0,1,0,0,0,0,0,0,0,1,1,3,0,1141
0,0,0,0,0,0,0,0,0,2,2,3,3,1142
0,1,0,0,0,0,0,0,0,1,1,2,3,1143
0,0,0,0,0,0,0,0,0,1,1,3,7,1144
0,1,0,0,0,0,0,0,0,1,3,2,2,1145
0,1,0,0,0,0,0,0,0,2,2,3,4,1146
0,0,0,0,0,0,0,0,0,2,1,2,1,1147
0,1,0,0,0,0,0,0,0,2,3,3,1,1148
0,0,0,0,0,0,0,0,0,1,1,2,3,1149
0,1,0,0,0,0,0,1,0,1,1,3,1,1150
0,0,0,0,0,0,0,0,0,1,3,2,3,1151
0,1,0,0,0,0,0,0,0,1,1,3,2,1152
0,0,0,0,0,0,0,1,0,1,1,3,5,1153
0,1,0,0,0,0,0,0,0,1,2,1,0,1154
0,1,0,0,0,0,0,1,1,1,2,2,3,1155
0,0,0,0,0,0,0,0,0,2,3,3,2,1156
0,1,0,0,0,0,0,0,0,1,3,2,7,1157
0,0,0,0,0,0,0,0,0,1,1,3,6,1158
0,0,0,0,0,0,0,0,0,2,2,3,0,1159
0,0,0,0,0,0,0,1,0,1,3,3,6,1160
0,0,0,0,0,0,0,0,0,2,1,3,4,1161
0,0,0,0,0,0,0,0,0,2,1,3,0,1162
0,1,0,0,0,0,0,1,0,2,1,2,2,1163
0,0,0,0,0,0,0,0,0,2,1,4,6,1164
0,1,0,0,0,0,0,0,0,1,1,3,7,1165
0,0,0,0,0,0,0,0,0,1,1,4,0,1166
0,1,0,0,0,0,0,0,0,1,1,3,5,1167
0,1,0,0,0,0,0,0,0,1,1,2,1,1168
0,1,0,0,0,0,0,1,0,2,1,3,5,1169
0,1,0,0,0,0,0,0,0,1,1,3,4,1170
1,0,0,0,0,0,0,0,0,1,1,3,3,1171
1,0,0,0,0,0,0,0,0,2,1,3,1,1172
0,1,0,0,0,0,0,1,0,1,1,2,3,1173
1,0,0,0,0,0,0,0,0,2,2,3,1,1174
0,1,0,0,0,0,0,0,0,1,3,3,2,1175
0,0,0,0,0,0,0,0,0,2,1,3,5,1176
0,0,0,0,0,0,0,0,0,1,1,2,3,1177
0,1,0,0,0,0,0,1,1,2,1,2,2,1178
0,0,0,0,0,0,0,0,0,1,1,3,4,1179
0,1,0,0,0,0,0,0,0,2,2,1,1,1180
0,1,0,0,0,0,0,0,0,1,1,2,1,1181
0,1,0,0,0,1,0,0,0,1,1,2,5,1182
0,0,0,0,0,0,0,0,0,2,1,2,6,1183
0,1,0,0,0,0,0,0,0,1,3,3,2,1184
0,1,0,0,0,0,0,1,0,2,1,4,5,1185
0,0,0,0,0,0,0,0,0,2,1,3,2,1186
0,1,0,0,0,0,0,0,0,2,1,3,4,1187
0,1,0,0,0,0,0,0,0,1,1,3,0,1188
0,0,1,0,0,0,0,0,0,2,1,3,6,1189
0,1,0,0,0,0,0,0,0,2,1,3,6,1190
0,0,0,0,0,0,0,1,0,2,1,3,6,1191
0,1,0,0,0,0,0,0,0,1,1,3,6,1192
0,1,0,0,0,0,0,0,1,1,1,2,4,1193
1,0,0,0,0,0,0,0,0,2,1,3,0,1194
0,1,0,0,0,0,0,0,0,1,1,3,4,1195
0,1,0,0,0,0,0,1,0,1,1,3,4,1196
0,0,0,0,0,0,0,0,0,1,1,2,2,1197
0,0,0,0,0,0,0,1,0,2,1,2,6,1198
0,1,0,0,0,0,0,0,0,2,1,3,1,1199
0,1,0,0,0,0,0,0,0,2,1,1,3,1200
0,0,0,0,0,0,0,0,0,1,1,2,2,1201
0,1,0,0,0,0,0,0,0,2,1,2,2,1202
0,1,0,0,0,0,0,0,0,2,1,3,3,1203
0,1,0,0,0,0,0,0,0,2,1,2,5,1204
1,0,0,0,1,0,0,1,0,1,1,3,0,1205
0,1,0,0,0,0,0,1,1,2,1,3,0,1206
0,1,0,0,0,0,0,0,0,2,1,2,3,1207
0,1,0,0,0,0,0,0,0,1,1,3,5,1209
0,0,0,0,0,0,0,1,0,1,1,3,6,1210
0,0,0,0,0,0,0,0,0,1,1,1,5,1211
0,0,0,0,0,0,0,0,0,1,1,2,0,1212
0,1,0,0,0,0,0,0,0,1,1,2,2,1213
0,0,0,0,0,0,0,0,0,2,3,3,1,1214
0,1,0,0,0,0,0,0,0,1,3,2,4,1215
0,0,0,0,1,0,0,1,0,2,1,3,1,1216
0,1,0,0,0,0,0,0,0,2,1,2,3,1217
0,0,0,0,0,0,0,0,0,2,1,2,2,1218
0,1,0,0,0,0,0,0,0,1,1,2,3,1219
0,0,0,0,0,0,0,1,0,1,1,2,0,1220
0,1,0,0,0,0,0,0,0,1,1,3,4,1221
0,1,0,0,0,0,0,0,0,1,1,2,5,1222
0,0,1,1,1,0,0,0,0,2,1,3,6,1224
0,0,0,0,0,0,0,0,0,2,1,3,0,1225
0,0,1,0,1,0,0,0,0,2,2,3,1,1226
0,0,0,0,0,0,0,0,0,2,1,2,1,1227
0,0,0,0,0,0,0,0,0,2,1,2,4,1228
0,1,0,0,0,0,0,0,0,1,1,2,4,1229
0,0,0,0,0,0,0,0,0,2,1,2,7,1230
0,1,0,0,0,0,0,1,0,2,1,2,4,1231
0,0,0,0,0,0,0,0,0,2,2,2,2,1232
0,0,0,0,0,0,0,1,0,1,1,2,4,1234
0,1,0,0,0,0,0,0,0,2,1,2,2,1235
0,0,0,0,0,0,0,0,0,1,1,3,5,1236
0,0,0,0,0,0,0,0,0,1,1,3,2,1237
0,1,0,0,0,0,0,0,0,1,3,3,5,1239
0,0,0,0,0,0,0,0,0,1,1,3,6,1240
0,0,0,0,0,0,0,0,0,1,1,3,4,1241
0,0,0,0,0,0,0,0,0,2,1,2,5,1243
0,1,0,0,0,0,0,0,0,2,1,2,5,1244
0,1,0,0,0,0,0,0,0,2,1,2,3,1245
0,1,0,0,0,0,0,0,0,1,1,2,2,1246
0,0,0,0,0,0,0,0,0,1,2,3,1,1247
0,1,0,0,0,0,0,0,0,1,3,3,2,1248
0,1,0,0,0,0,0,0,0,2,1,2,0,1249
0,0,0,0,0,0,0,1,0,2,3,3,0,1250
0,1,0,0,0,0,0,0,0,1,3,2,4,1251
0,1,0,0,0,0,0,1,0,2,3,3,0,1252
0,1,0,0,0,0,0,1,0,2,1,2,2,1253
0,0,0,0,0,0,0,0,0,2,1,3,3,1254
0,0,0,0,0,0,0,0,0,2,1,3,4,1255
0,1,0,0,0,0,0,1,0,1,1,2,6,1256
0,0,0,0,0,0,0,0,0,2,1,3,1,1257
0,1,0,0,0,0,0,1,0,1,1,2,1,1258
0,0,0,0,0,0,0,0,0,1,1,2,2,1259
0,1,0,0,0,0,0,0,0,2,1,4,0,1260
0,0,0,0,0,0,0,0,0,2,1,3,0,1261
0,0,0,1,0,0,0,1,1,2,1,2,1,1262
0,0,0,0,0,0,0,0,0,2,1,3,0,1263
0,1,0,0,0,0,0,1,0,1,1,3,0,1264
0,0,0,0,0,0,0,0,0,2,1,3,3,1265
0,1,0,0,0,0,0,1,1,1,1,2,2,1266
1,0,0,0,0,0,0,0,0,2,1,2,3,1267
0,0,0,0,0,1,0,0,0,1,1,2,3,1268
0,1,0,0,0,0,0,0,0,2,3,2,0,1269
0,0,0,0,0,0,0,0,0,2,1,1,1,1270
0,1,0,0,0,0,0,1,1,2,1,3,4,1271
0,0,0,0,0,0,0,0,0,1,1,2,6,1272
0,1,0,0,0,0,0,0,0,1,1,2,2,1273
0,0,0,0,0,0,0,0,0,1,1,2,3,1274
0,1,0,0,0,0,0,0,0,1,1,3,1,1275
0,1,0,0,0,0,0,0,0,2,2,3,0,1276
0,0,0,0,0,0,0,0,0,2,3,2,0,1277
0,1,0,0,0,0,0,0,0,2,1,3,0,1278
0,0,0,0,0,0,0,0,0,2,1,2,0,1279
0,1,0,0,0,0,0,0,0,2,1,2,3,1280
0,0,0,0,0,0,0,0,0,2,1,3,1,1281
0,1,0,0,0,0,0,0,0,1,1,4,6,1282
0,1,0,0,0,0,0,0,0,1,1,2,6,1284
0,1,0,0,0,0,0,0,0,1,1,2,4,1285
0,1,0,0,0,0,0,0,0,2,1,2,3,1286
0,1,0,0,0,0,0,0,0,1,1,3,0,1287
0,0,0,0,0,0,0,0,0,2,1,3,6,1288
0,0,0,0,0,0,0,0,0,2,1,3,0,1289
0,1,0,0,0,0,0,0,0,2,1,2,0,1291
0,0,0,0,0,0,0,0,0,1,1,3,4,1292
0,0,0,0,0,0,0,0,0,2,1,3,1,1293
1,0,0,0,0,0,0,1,0,1,1,2,2,1294
0,1,0,0,0,0,0,0,0,2,1,2,0,1295
0,1,0,0,0,0,0,0,0,1,1,1,3,1296
0,0,0,0,0,0,0,0,0,1,1,3,2,1297
0,1,0,0,0,0,0,0,0,2,1,3,1,1298
0,1,0,0,0,0,0,0,0,1,2,2,3,1299
1,0,0,0,0,0,0,0,0,2,1,1,3,1300
1,0,0,0,0,0,0,0,0,1,1,3,0,1301
0,0,0,0,0,0,0,0,0,2,1,3,1,1302
1,1,0,0,0,0,0,0,1,2,1,3,0,1303
0,1,0,0,0,0,0,0,0,2,1,3,5,1304
0,1,0,0,0,0,0,0,0,1,1,3,3,1305
0,1,0,0,0,0,0,1,0,2,1,3,1,1306
0,0,1,0,0,0,0,1,0,2,1,2,3,1307
0,1,0,0,0,0,0,1,1,1,1,3,7,1308
0,1,0,0,0,0,0,0,0,1,2,2,0,1309
0,0,0,0,0,0,0,0,0,1,1,1,6,1310
0,0,0,0,0,0,0,0,0,1,2,3,1,1311
0,1,0,0,0,0,0,0,0,2,2,4,2,1312
0,1,0,0,0,0,0,0,0,1,1,2,1,1313
0,1,0,0,0,0,0,1,0,2,2,2,0,1314
1,0,0,0,0,0,0,0,0,2,1,3,6,1315
0,1,0,0,0,0,0,0,0,2,1,2,1,1316
0,0,0,0,0,0,0,0,0,1,2,3,0,1317
0,0,0,0,0,0,0,0,0,1,1,3,4,1318
0,0,0,0,0,0,0,0,0,2,1,1,1,1319
0,1,0,0,0,0,0,0,0,2,1,2,5,1320
0,1,0,0,0,0,0,1,0,2,1,3,6,1321
0,1,0,0,0,0,0,0,0,1,1,2,6,1322
0,1,0,0,0,0,0,0,0,2,1,1,3,1324
0,0,0,0,0,0,0,0,0,2,1,2,4,1325
0,1,1,0,0,0,0,0,0,2,2,3,0,1326
0,0,0,0,0,0,0,0,0,2,1,2,1,1327
0,0,0,0,0,0,0,1,0,2,1,3,1,1328
0,0,0,0,0,0,0,0,0,2,1,3,6,1329
0,0,0,0,0,0,0,1,0,1,1,2,6,1330
0,1,0,0,0,0,0,0,0,1,1,3,3,1331
0,0,0,0,0,0,0,0,0,2,1,2,1,1332
0,0,1,0,0,0,0,1,0,2,1,3,5,1333
0,1,0,0,0,0,0,0,0,1,1,2,6,1334
0,1,0,0,0,0,0,1,1,1,1,4,2,1335
0,1,0,0,0,0,0,0,0,1,1,3,6,1337
0,1,0,0,0,0,0,0,0,1,1,3,2,1338
0,1,0,0,0,0,0,0,0,1,1,2,1,1339
1,0,0,0,0,0,0,1,0,2,3,2,2,1340
0,1,1,0,0,0,0,0,1,1,1,2,5,1341
0,0,0,0,0,0,0,0,0,1,1,1,3,1342
0,1,0,0,0,0,0,1,1,1,1,2,5,1343
0,0,0,0,0,0,0,0,0,2,1,1,3,1344
0,0,0,0,0,0,0,0,0,2,1,3,5,1345
0,1,0,0,0,0,0,0,0,1,1,2,5,1346
0,1,0,0,0,0,0,0,0,1,1,2,6,1347
0,1,0,0,0,0,0,1,0,1,1,3,7,1348
0,0,0,0,0,0,0,0,0,2,1,2,3,1349
1,0,0,1,0,0,0,0,0,2,1,2,4,1350
0,0,0,0,0,0,0,1,0,1,1,3,4,1351
0,0,0,0,0,0,0,0,0,2,1,3,5,1352
1,0,0,0,0,0,0,0,0,2,3,2,0,1353
0,1,0,0,0,0,0,1,0,1,1,2,3,1354
0,1,0,0,0,0,0,1,0,2,1,2,1,1355
0,0,0,0,0,0,0,1,1,2,3,2,2,1356
0,1,0,0,0,0,0,0,0,1,1,3,0,1357
0,1,0,0,0,0,0,1,0,1,1,3,4,1358
1,0,0,1,0,0,0,0,0,2,1,3,0,1359
0,0,0,0,0,0,0,0,0,2,1,2,0,1360
0,1,0,0,0,0,0,0,0,1,1,3,4,1361
0,0,0,0,0,0,1,1,1,1,1,3,4,1362
0,1,0,0,0,0,0,1,1,1,1,3,3,1364
0,0,0,0,0,0,0,1,1,2,1,2,3,1365
0,0,0,0,0,0,0,0,0,2,1,3,2,1366
0,1,0,0,0,0,0,0,0,1,1,2,5,1367
0,0,0,0,0,0,0,1,1,1,1,3,0,1368
0,1,0,0,0,0,0,0,0,2,1,2,1,1369
0,0,0,0,0,0,0,0,0,2,1,3,6,1370
0,1,0,0,0,0,0,1,0,1,1,3,5,1371
0,1,0,0,0,0,0,0,0,1,1,2,5,1372
1,0,0,0,0,0,0,0,0,1,1,3,5,1373
0,0,0,0,0,0,0,0,0,2,1,2,5,1374
0,0,0,0,0,0,0,1,0,2,1,2,6,1376
0,0,0,0,0,0,0,0,0,2,1,3,6,1377
0,1,0,0,0,0,0,0,0,2,1,2,5,1378
1,0,0,0,0,0,0,0,0,2,1,3,1,1379
0,0,0,0,0,0,0,0,1,2,2,3,0,1380
0,1,0,0,0,0,0,0,0,1,3,2,2,1381
0,1,0,0,0,0,0,1,1,1,1,2,3,1382
0,0,0,0,0,0,0,0,0,1,1,2,4,1383
0,1,0,0,0,0,0,0,0,2,1,3,0,1385
0,1,0,0,0,0,0,0,0,1,1,1,6,1387
0,0,0,0,0,0,0,1,0,2,1,2,6,1388
0,1,0,0,0,0,0,0,0,1,1,3,1,1390
1,0,0,0,0,0,0,1,0,1,1,3,3,1391
1,0,0,0,0,0,0,1,1,2,1,3,5,1392
0,1,0,0,0,0,0,0,0,1,1,2,3,1393
0,1,0,0,0,0,0,0,0,2,1,3,6,1394
0,1,0,0,0,0,0,0,0,1,1,3,3,1396
0,1,0,0,0,0,0,0,0,1,1,2,6,1397
0,1,1,0,0,0,1,0,0,2,1,3,1,1398
0,1,0,0,0,0,0,0,0,1,2,2,3,1400
1,0,0,0,0,0,0,0,1,2,2,3,0,1401
0,0,0,0,0,0,0,1,0,1,1,3,6,1402
0,1,0,0,0,0,0,0,0,2,1,3,3,1403
0,0,0,0,0,0,0,0,0,2,1,2,1,1404
0,1,0,0,0,0,0,0,0,1,2,3,0,1405
1,0,0,0,0,0,0,1,1,2,2,3,0,1406
0,1,0,0,0,0,0,0,0,2,2,3,0,1407
0,0,0,0,0,0,0,0,0,1,1,2,6,1408
0,1,0,0,0,0,0,0,0,2,1,3,2,1409
0,0,0,0,0,0,0,1,1,2,1,2,5,1410
0,1,0,0,0,0,0,1,0,2,2,2,2,1411
0,1,0,0,0,0,0,1,0,1,3,2,3,1412
0,0,0,0,0,0,0,0,0,1,2,2,0,1413
0,0,0,0,0,0,0,0,0,2,1,2,5,1414
0,0,0,0,0,0,0,0,0,2,2,2,0,1415
0,1,0,0,0,0,0,0,0,1,2,2,3,1416
0,1,0,0,0,0,0,0,0,1,2,3,1,1417
0,0,0,0,0,0,0,0,0,2,1,2,3,1418
0,1,0,0,0,0,0,1,0,2,2,1,0,1419
0,0,1,0,0,0,0,1,1,2,2,2,1,1420
0,1,0,0,0,0,0,0,0,1,1,3,0,1421
0,0,0,0,0,0,0,0,0,2,1,2,2,1422
0,0,0,0,0,0,0,0,0,2,1,2,2,1423
0,0,0,0,0,0,0,0,0,1,1,3,6,1424
0,0,0,0,0,0,0,0,0,2,1,3,2,1425
1,1,0,0,0,0,0,0,0,2,1,3,5,1426
0,1,0,0,0,0,0,0,0,2,1,3,2,1427
0,1,0,0,0,0,0,0,0,1,1,3,6,1428
0,0,0,0,0,0,0,0,0,2,1,2,1,1429
0,1,0,0,0,0,0,1,1,1,1,3,3,1430
0,1,0,1,0,0,0,1,0,2,1,1,3,1431
0,0,0,0,0,0,0,0,0,2,1,2,5,1432
0,0,0,0,0,0,0,0,0,1,1,3,6,1433
0,1,0,0,0,0,0,0,0,2,2,3,1,1434
0,0,0,0,0,0,0,0,0,2,2,2,3,1435
0,1,0,0,0,0,0,0,0,2,1,3,6,1436
0,1,0,0,0,0,0,0,0,1,2,3,1,1437
0,0,0,0,0,0,0,0,0,2,2,3,2,1438
0,1,0,0,0,0,0,0,0,1,2,3,2,1439
0,0,0,0,0,0,0,0,0,2,1,2,2,1440
0,0,0,0,0,0,0,0,0,2,1,2,3,1441
0,1,0,0,0,0,0,0,0,1,1,1,2,1442
0,0,0,0,0,0,0,0,1,1,1,3,1,1443
0,0,0,0,0,0,0,0,0,2,1,2,2,1444
0,1,0,1,1,0,0,0,0,2,2,2,7,1445
0,1,0,0,0,0,0,0,0,1,1,4,5,1446
0,0,0,0,0,0,0,0,0,1,1,2,4,1448
0,1,0,0,0,0,0,0,0,2,1,1,4,1449
0,1,0,0,0,0,0,0,0,1,2,1,0,1450
1,1,0,0,0,0,0,0,0,2,1,2,5,1451
0,0,0,0,0,0,0,0,0,1,2,4,3,1452
0,1,0,0,0,0,0,0,0,1,3,2,4,1453
0,1,0,0,0,0,0,0,0,2,1,3,2,1454
0,0,0,0,0,0,0,1,0,2,1,2,4,1455
0,0,0,0,0,0,0,0,0,1,1,2,4,1457
0,1,0,0,0,0,0,0,0,2,2,2,2,1458
0,1,0,0,0,0,0,0,0,2,2,3,1,1459
0,0,0,0,0,0,0,1,1,2,2,2,2,1460
0,0,0,0,0,0,0,0,0,2,2,2,0,1462
0,1,0,0,0,0,0,0,0,2,1,2,3,1463
0,0,0,0,0,0,0,0,0,1,1,3,3,1464
0,1,0,0,0,0,0,0,0,2,1,2,6,1465
0,1,0,0,0,0,0,1,0,2,1,3,2,1466
0,1,0,0,0,0,0,0,0,2,2,2,1,1468
0,1,0,0,0,0,0,0,0,2,2,4,3,1469
0,1,0,0,0,0,0,0,0,2,1,3,4,1470
0,1,0,0,0,0,0,1,1,2,1,3,5,1471
0,1,0,0,0,0,0,1,1,2,2,2,1,1472
0,0,0,0,0,0,0,0,0,1,2,2,1,1473
0,1,0,0,0,0,0,0,0,2,2,2,3,1474
0,0,0,0,0,0,0,0,0,2,1,1,5,1475
0,1,0,0,0,0,0,0,0,2,2,2,1,1476
1,0,0,0,0,0,0,0,0,2,2,2,1,1478
0,1,0,0,0,0,0,0,0,1,2,3,5,1479
0,1,0,0,0,0,0,1,1,2,2,3,0,1480
0,0,0,0,0,0,0,0,0,1,2,3,3,1481
0,0,0,0,0,0,0,0,0,2,1,3,3,1482
0,1,0,0,0,0,0,0,1,2,1,3,1,1483
0,0,0,0,0,0,0,1,1,2,1,3,5,1484
0,1,0,0,0,0,0,0,0,2,1,4,6,1485
0,0,0,0,0,0,0,0,0,1,1,4,5,1486
0,1,0,0,0,0,0,0,0,1,1,4,3,1487
0,0,0,0,0,0,0,0,1,2,1,4,6,1488
0,0,0,0,0,0,0,0,0,1,1,4,6,1489
0,1,0,0,0,0,0,1,1,1,1,3,5,1490
0,1,0,0,0,0,0,0,0,1,1,3,0,1491
0,1,0,0,0,0,0,0,0,2,1,3,6,1492
0,0,0,0,0,0,0,0,0,2,1,1,4,1493
0,1,0,0,0,0,0,0,0,2,3,2,7,1494
0,0,0,0,0,0,0,1,0,2,1,3,4,1495
0,0,0,0,0,0,0,1,0,2,1,2,3,1496
0,0,0,0,0,0,0,0,0,1,1,3,0,1497
0,1,0,0,0,0,0,0,0,2,3,1,2,1498
0,0,0,0,0,0,0,0,0,2,2,2,0,1499
0,1,0,0,0,0,0,0,0,1,2,2,2,1500
0,0,0,0,0,0,0,0,0,1,1,2,2,1501
0,0,0,0,0,0,0,0,0,2,1,2,6,1502
0,1,0,0,0,0,0,0,0,2,1,3,1,1503
0,0,0,0,0,0,0,0,0,2,1,3,0,1504
0,0,0,0,0,0,0,0,0,1,3,2,2,1505
0,0,0,0,0,0,1,0,0,2,1,2,3,1506
0,0,0,0,0,0,0,0,0,2,2,2,1,1507
0,1,0,0,0,0,0,0,0,2,1,3,5,1508
0,1,0,0,0,0,0,0,1,2,1,1,3,1509
0,0,0,0,0,0,0,0,0,2,1,2,1,1510
0,1,0,0,0,0,0,0,0,2,2,2,2,1511
0,0,0,0,0,0,0,0,0,2,3,2,3,1512
1,0,0,1,1,0,0,0,0,2,1,3,3,1514
0,1,0,0,0,0,0,0,0,2,1,2,5,1515
0,0,0,0,0,0,0,0,0,1,2,2,0,1516
0,1,0,0,0,0,0,0,0,2,1,2,3,1517
0,1,0,0,0,0,0,0,0,2,1,3,0,1518
0,0,0,0,0,0,0,0,1,2,1,3,3,1519
0,1,0,0,0,0,0,1,0,2,1,2,2,1520
1,0,0,0,0,0,0,0,1,2,1,2,6,1521
0,1,0,0,0,0,0,0,0,2,1,1,4,1522
0,1,0,0,0,0,0,0,1,2,1,3,0,1523
0,1,0,0,0,0,0,0,0,1,1,2,6,1524
0,1,0,0,0,0,0,0,0,2,2,3,0,1525
0,1,0,0,0,0,0,0,0,2,1,3,1,1526
0,1,0,0,0,0,0,0,0,2,1,2,4,1527
0,0,0,0,0,0,0,0,0,1,1,3,6,1528
0,1,0,0,0,0,0,0,0,1,1,2,6,1529
0,0,0,0,0,0,0,0,0,2,1,2,6,1530
0,1,0,0,0,0,0,1,0,2,1,1,3,1531
0,1,0,0,0,0,0,0,0,2,1,2,4,1532
1,0,0,0,0,0,0,1,0,2,2,2,0,1533
0,0,0,0,0,0,0,0,0,1,2,1,3,1534
0,1,0,0,0,0,0,1,0,1,3,1,4,1535
0,1,0,0,0,0,0,0,1,1,2,2,1,1537
0,0,0,0,0,0,0,0,0,2,2,2,6,1538
0,1,0,0,0,0,0,0,0,1,2,2,4,1539
0,0,0,0,0,0,0,0,0,2,2,4,3,1540
0,1,0,0,0,0,0,0,0,2,2,2,0,1541
0,0,0,0,0,0,0,0,0,1,2,3,3,1542
0,1,0,0,0,0,0,0,0,1,3,3,1,1543
0,1,0,0,0,0,0,0,0,1,1,2,7,1545
0,1,0,0,0,0,0,0,0,2,1,2,6,1546
0,1,0,0,0,0,0,0,0,1,3,3,5,1548
0,0,1,0,1,1,0,0,0,1,1,2,5,1549
0,1,0,0,0,0,0,0,0,1,1,2,3,1550
0,1,0,0,0,0,0,0,0,2,1,1,6,1551
0,0,0,0,0,0,0,1,0,2,1,2,5,1552
0,1,0,0,0,0,0,0,0,2,2,1,0,1553
0,0,0,0,0,0,0,0,0,2,1,2,6,1554
0,0,0,0,0,0,0,0,0,2,1,3,6,1555
0,1,0,0,0,0,0,0,0,1,1,3,5,1556
0,1,0,0,0,0,0,0,0,1,1,3,5,1557
0,0,0,0,0,0,0,0,0,2,1,3,4,1558
0,0,0,0,0,0,0,0,0,1,1,3,5,1559
0,1,0,0,0,0,0,0,0,2,2,2,3,1560
1,0,0,0,1,0,0,0,1,2,2,3,0,1561
0,1,0,0,0,0,0,1,0,1,1,2,5,1562
0,0,0,0,0,0,0,0,0,2,2,3,0,1563
0,1,0,0,0,0,0,0,0,2,1,3,4,1564
0,0,0,0,0,0,0,0,0,2,2,1,1,1565
0,1,0,0,0,0,0,0,0,1,2,2,0,1566
0,1,0,0,0,0,0,0,0,1,2,2,0,1567
0,1,0,0,0,0,0,0,0,1,1,2,5,1568
0,0,0,0,0,0,0,0,0,2,1,1,2,1569
0,0,0,0,0,0,0,0,0,1,2,3,1,1570
1,0,0,0,0,0,0,0,0,2,2,3,0,1571
0,1,0,0,0,0,0,0,0,1,2,2,0,1572
0,0,0,0,0,0,0,0,0,2,2,2,0,1574
0,1,0,0,0,0,0,0,0,2,2,3,0,1575
0,0,0,0,0,0,0,0,0,1,2,3,0,1576
0,1,0,0,0,0,0,0,0,2,2,2,0,1577
0,0,0,0,0,0,0,0,0,2,2,2,0,1578
0,0,0,0,0,0,0,0,0,2,1,2,2,1579
0,1,0,0,0,0,0,1,0,1,1,3,3,1580
0,0,0,0,0,0,0,0,0,1,1,3,6,1581
0,1,0,0,0,0,0,1,1,1,1,3,4,1582
1,1,0,0,0,0,0,0,1,1,1,2,5,1583
0,0,0,0,0,0,0,0,0,1,1,4,6,1584
0,0,0,0,0,0,0,0,0,2,2,3,0,1585
0,1,0,0,0,0,0,0,0,2,1,2,3,1586
0,0,0,0,0,0,0,0,0,1,2,3,1,1587
0,1,0,0,0,0,0,0,0,2,2,3,0,1588
0,0,0,0,0,0,0,0,0,1,1,4,6,1589
0,1,0,0,0,0,0,0,0,1,2,3,0,1590
0,0,0,0,0,0,0,1,0,1,1,3,3,1591
0,1,0,0,0,0,0,0,0,2,1,1,1,1592
0,0,0,0,0,0,0,1,1,1,3,3,3,1593
0,1,0,0,0,0,0,0,0,2,1,3,0,1594
0,0,0,0,0,0,0,0,0,2,1,3,5,1595
0,1,0,0,0,0,0,1,1,2,1,2,6,1596
0,0,0,0,0,0,0,0,0,2,1,3,0,1597
0,1,0,0,0,0,0,0,0,2,1,3,6,1598
0,1,0,0,0,0,0,0,0,2,1,1,3,1599
1,0,0,0,0,0,0,0,0,2,1,2,1,1600
0,1,0,0,0,0,0,0,0,1,3,3,3,1601
0,1,0,0,0,0,0,1,1,1,1,2,2,1602
0,0,0,0,0,0,0,0,0,2,2,2,0,1603
0,1,0,0,0,0,0,1,1,2,2,2,0,1604
0,0,1,0,1,0,0,1,0,2,1,2,6,1605
0,0,0,0,0,0,0,0,0,2,2,2,3,1606
0,1,0,0,0,0,0,0,0,1,1,2,2,1607
1,0,0,0,0,0,0,1,1,1,3,3,3,1608
0,1,0,0,0,0,0,0,0,2,1,2,2,1609
0,0,0,0,0,0,0,0,0,1,1,2,3,1610
1,0,0,0,0,0,0,1,0,1,1,2,3,1611
0,1,0,0,0,0,0,0,0,1,1,2,2,1612
0,1,0,0,0,0,0,0,0,2,1,3,2,1614
0,0,0,0,0,0,0,0,0,2,1,3,1,1615
0,1,0,0,0,0,0,0,0,1,1,3,5,1616
0,0,0,0,0,0,0,0,0,1,1,3,7,1617
0,0,0,0,0,0,0,0,0,1,1,2,2,1618
0,1,0,0,0,0,0,0,0,1,1,4,4,1620
0,0,0,0,0,0,0,0,0,2,1,2,5,1621
0,1,0,0,0,0,0,0,0,1,1,3,1,1622
1,0,0,0,0,0,0,0,0,2,1,3,1,1623
0,1,1,0,0,0,0,1,0,2,1,4,5,1624
0,0,0,0,0,0,0,0,0,2,1,1,2,1626
0,1,0,0,0,0,0,1,0,2,1,1,7,1627
0,0,0,0,1,0,0,0,0,1,1,2,6,1628
0,1,0,0,0,0,0,0,0,1,1,3,6,1629
0,1,0,0,0,0,0,1,0,2,1,3,2,1630
0,0,0,0,0,0,0,0,0,2,1,2,4,1631
0,1,0,0,0,0,0,1,0,1,1,2,6,1632
0,0,0,0,0,0,0,0,0,2,1,2,3,1633
0,1,0,0,0,0,0,0,0,1,1,2,3,1634
0,0,0,0,0,0,0,0,0,2,1,3,6,1635
0,1,0,0,0,0,0,0,0,2,1,3,5,1636
0,0,0,0,0,0,0,0,0,2,1,2,1,1639
0,1,0,0,0,0,0,1,0,1,1,2,6,1640
0,0,0,0,0,0,0,0,0,2,1,3,1,1641
0,1,0,0,0,0,0,0,0,1,1,3,6,1642
0,0,0,0,0,0,0,0,0,2,1,3,1,1643
0,1,0,0,0,0,0,0,0,1,1,2,7,1644
0,0,0,0,0,0,0,0,1,2,1,2,0,1645
0,1,0,0,0,0,0,0,0,1,1,1,4,1646
0,0,0,0,0,0,0,0,0,1,1,2,7,1647
0,0,0,0,0,0,0,0,0,2,1,2,5,1648
0,1,0,0,0,0,0,0,0,2,1,3,1,1649
0,0,0,0,0,0,0,1,1,2,1,3,4,1650
0,1,0,0,0,0,0,0,0,2,1,2,0,1651
0,0,0,0,0,0,0,1,0,2,1,2,3,1652
0,1,0,0,0,0,0,0,0,2,1,3,1,1653
0,0,0,0,0,0,0,0,0,2,1,2,0,1654
0,1,0,0,0,0,0,0,0,1,1,3,6,1655
0,0,0,0,0,0,0,1,1,1,1,1,2,1656
0,1,0,0,0,0,0,1,0,1,1,2,3,1657
0,1,0,0,0,0,0,1,0,1,1,3,6,1658
0,0,0,0,0,0,0,0,0,1,1,2,3,1659
0,1,0,0,0,0,0,1,0,1,1,3,0,1660
0,0,0,0,0,0,0,0,0,1,1,2,4,1661
0,0,0,0,0,0,0,0,0,2,1,2,2,1662
0,1,0,0,0,0,0,0,0,1,1,2,1,1663
0,0,0,0,0,0,0,0,1,2,1,2,6,1664
0,0,0,0,0,0,0,1,1,1,1,1,4,1665
0,1,0,0,0,0,0,0,0,2,1,1,5,1666
0,0,0,0,0,0,0,0,0,2,1,2,6,1667
1,0,0,0,0,0,0,0,0,2,1,1,2,1668
0,1,0,0,0,0,0,0,0,1,1,3,1,1669
0,0,0,0,0,0,0,0,0,2,2,2,5,1670
0,0,0,0,0,0,0,1,0,1,1,3,0,1671
0,1,0,0,0,0,0,0,0,2,1,3,4,1672
0,1,0,0,0,0,0,0,0,1,1,2,4,1673
0,0,0,0,0,0,0,0,0,1,1,3,6,1674
0,1,0,0,0,0,0,0,0,1,1,3,6,1675
0,0,0,0,0,0,0,0,0,1,1,3,5,1676
0,1,0,0,0,0,0,0,0,2,1,2,5,1677
0,0,0,0,0,0,0,0,0,2,1,2,0,1678
0,1,0,0,0,0,0,1,1,1,1,3,3,1679
0,1,0,0,0,0,0,0,0,1,1,3,3,1680
0,1,0,0,0,0,0,0,0,1,1,3,0,1681
0,1,0,0,0,0,0,0,0,1,1,3,7,1683
0,1,0,0,0,0,0,0,0,2,1,2,6,1684
0,1,0,0,0,0,0,0,0,2,1,2,3,1685
0,0,0,0,0,0,0,0,0,1,1,2,0,1687
0,1,0,0,0,0,0,0,0,1,1,3,6,1688
0,0,0,1,0,0,0,0,0,1,1,3,3,1690
0,0,0,0,0,0,0,0,0,2,1,3,6,1691
0,0,0,0,0,0,0,0,0,1,1,2,1,1692
0,1,0,0,0,0,0,1,0,2,1,3,4,1693
0,0,0,0,0,0,0,1,0,2,1,3,1,1694
0,0,0,0,0,0,0,0,0,1,1,1,1,1695
0,0,0,0,0,0,0,0,0,2,1,2,0,1696
0,1,1,0,0,0,0,0,0,2,1,1,1,1697
0,0,0,0,0,0,0,0,0,1,2,4,3,1698
0,0,0,0,0,0,0,0,0,1,1,3,2,1700
0,0,0,0,0,0,0,0,0,2,2,1,1,1701
0,0,0,0,0,0,0,0,0,1,1,3,4,1702
1,1,0,0,0,0,0,1,0,1,2,2,1,1703
0,1,0,0,0,0,0,0,0,2,2,2,1,1704
0,0,0,0,0,0,0,0,0,1,1,3,4,1706
0,0,0,0,0,0,0,0,0,1,1,3,4,1707
0,1,0,0,0,0,0,0,0,1,1,2,2,1708
0,0,0,0,0,0,0,0,0,2,3,3,1,1709
0,1,0,0,0,0,0,0,0,2,1,2,7,1710
0,0,0,0,0,0,0,0,0,1,1,1,3,1711
0,1,1,0,0,0,0,0,0,2,1,1,3,1712
0,0,0,0,0,0,0,1,0,1,1,2,6,1713
0,1,0,0,0,0,0,0,0,2,1,3,0,1714
0,1,0,0,0,0,0,0,0,1,1,2,2,1715
0,0,0,0,0,0,0,0,0,1,1,3,2,1716
0,1,0,0,0,0,0,0,0,1,1,3,1,1717
0,1,0,0,0,0,0,0,0,1,2,3,1,1718
0,0,0,0,0,0,0,0,0,1,1,2,2,1719
0,1,0,0,0,0,0,0,0,2,1,2,2,1720
0,0,0,0,0,0,0,0,0,1,1,2,3,1722
0,1,0,0,0,0,0,1,0,1,1,3,0,1723
0,0,0,0,0,0,0,0,0,1,1,2,0,1724
0,0,0,0,0,0,0,1,1,2,3,1,3,1725
0,1,0,0,0,0,0,0,0,1,1,3,7,1726
0,1,0,0,0,0,0,1,0,1,2,1,2,1727
0,0,0,0,0,0,0,0,0,2,1,2,2,1728
0,1,0,0,0,0,0,0,0,1,1,2,5,1729
0,1,0,0,0,0,0,0,0,1,2,2,1,1730
0,1,0,0,0,0,0,0,0,2,1,2,6,1731
0,0,0,0,0,0,0,0,0,2,1,3,5,1732
0,1,0,0,0,0,0,1,0,1,1,2,4,1733
0,0,0,0,0,0,0,0,0,2,1,3,5,1734
0,1,0,0,0,0,0,0,0,1,1,3,5,1735
0,0,0,0,0,0,0,0,0,2,1,3,4,1736
0,0,0,0,0,0,0,0,0,2,1,3,0,1737
0,0,0,0,0,0,0,0,0,2,1,3,6,1738
0,1,0,0,0,0,0,0,0,1,1,2,2,1739
0,0,0,0,0,0,0,0,0,1,1,3,6,1740
0,1,0,0,0,0,0,0,0,2,2,2,1,1741
0,1,0,0,0,0,0,1,0,2,1,2,5,1742
0,0,0,0,0,0,0,0,0,1,1,3,2,1744
0,0,0,0,0,0,0,0,0,2,1,3,1,1745
0,1,0,0,0,0,0,1,0,2,1,3,1,1746
0,1,0,0,0,0,0,0,0,1,2,2,0,1747
0,0,0,0,0,0,0,0,0,1,1,3,4,1748
0,0,0,0,0,0,0,0,0,1,1,3,4,1749
0,1,0,0,0,0,0,0,0,1,1,2,6,1750
0,1,0,0,0,0,0,0,0,2,1,2,1,1751
0,0,0,0,0,0,0,0,0,2,1,3,4,1752
0,0,0,0,0,0,0,1,0,2,1,3,5,1753
0,1,0,0,0,0,0,1,1,2,1,2,1,1754
0,1,0,0,0,0,0,0,0,2,1,3,7,1755
0,0,0,0,0,0,0,0,0,2,1,2,3,1756
0,1,0,0,0,0,0,0,0,1,1,2,2,1757
0,1,0,0,0,0,0,0,0,2,1,3,2,1758
0,0,0,0,0,0,0,0,0,2,1,3,2,1759
0,1,0,0,0,0,0,0,0,1,1,2,6,1760
0,0,0,0,0,0,0,0,0,2,1,3,1,1761
0,0,0,0,0,0,0,0,0,2,1,2,2,1762
1,1,0,0,0,0,0,0,0,1,1,3,3,1763
0,1,0,0,0,0,0,0,0,2,1,3,6,1764
0,1,0,0,0,0,0,1,0,1,1,2,5,1765
0,1,0,0,0,0,0,0,0,2,1,3,3,1766
0,1,0,0,0,0,0,0,0,1,2,2,4,1767
0,0,0,0,0,0,0,0,0,2,1,2,4,1768
0,1,0,0,0,0,0,0,0,1,1,3,3,1769
0,0,0,0,0,0,0,0,0,1,1,3,1,1770
0,1,0,0,0,0,0,0,0,1,1,3,3,1771
0,0,0,0,0,0,0,0,0,2,1,3,0,1772
0,0,0,0,0,0,0,0,0,2,1,2,4,1773
0,1,0,0,0,0,0,0,0,2,1,1,5,1774
0,0,0,0,0,0,0,0,0,1,3,2,0,1775
0,1,0,0,0,0,0,0,0,1,1,3,0,1776
0,0,0,0,0,0,0,0,0,1,1,3,5,1777
0,0,0,0,0,0,0,0,0,2,1,2,7,1778
0,1,0,0,0,0,0,1,1,1,1,3,2,1779
0,0,0,0,0,0,0,0,0,2,1,2,4,1780
0,0,0,0,0,0,0,1,0,1,1,3,6,1781
0,1,0,0,0,0,0,1,0,2,1,2,6,1782
0,1,0,0,0,0,0,0,0,2,1,3,2,1783
0,0,0,0,0,0,0,0,0,2,1,2,5,1784
1,0,0,0,0,0,0,1,0,2,1,2,3,1785
0,1,0,0,0,0,0,0,0,2,1,2,5,1786
0,1,0,0,0,0,0,0,0,2,1,3,4,1787
0,0,0,0,0,0,1,1,0,2,1,3,5,1788
0,1,0,0,0,0,0,0,0,1,1,3,6,1789
0,1,0,0,0,0,0,0,0,2,1,3,6,1790
0,0,0,0,0,0,0,0,0,2,1,2,2,1791
0,1,0,0,0,0,0,1,0,2,1,3,5,1792
1,1,0,0,0,0,0,0,0,1,1,3,0,1793
0,0,0,0,0,0,0,0,0,1,1,1,3,1794
0,0,0,0,0,0,0,0,0,2,1,3,5,1795
0,1,0,0,0,0,0,0,0,1,1,3,6,1796
1,1,0,0,0,0,0,0,1,2,1,2,0,1797
0,0,1,0,0,0,0,1,1,2,1,3,6,1798
0,0,0,0,0,0,0,0,0,2,1,2,3,1799
0,0,0,0,0,0,0,0,0,1,2,2,3,1800
0,1,0,0,0,0,0,0,0,2,1,2,1,1801
0,0,1,0,0,0,0,1,1,2,1,3,5,1802
0,1,0,0,0,0,0,0,0,1,1,2,4,1803
0,0,0,0,0,0,0,0,0,2,1,3,6,1804
0,0,0,0,0,0,0,0,0,1,2,3,2,1805
0,1,0,0,0,0,0,0,0,2,1,3,4,1806
0,1,0,0,0,0,0,1,1,2,1,3,7,1808
0,0,0,0,0,0,0,0,0,2,1,3,5,1809
0,0,0,0,0,0,0,0,0,1,1,3,5,1810
0,1,0,0,0,0,0,0,0,1,1,3,2,1811
0,0,0,0,0,0,0,0,0,2,1,3,2,1812
0,0,0,0,0,0,0,0,0,1,1,2,3,1813
0,0,0,0,0,0,0,0,0,2,3,2,4,1814
1,0,0,0,0,0,0,0,0,1,1,1,2,1815
0,0,0,0,0,0,0,0,0,1,1,3,6,1816
0,1,0,0,0,0,0,1,1,1,1,2,0,1817
0,0,0,0,0,0,0,0,0,1,1,3,2,1818
0,1,0,0,0,0,0,0,0,1,1,2,0,1819
0,0,0,0,0,0,0,0,0,1,2,2,0,1820
0,1,0,0,0,0,0,1,1,1,1,2,4,1821
0,1,0,0,0,0,0,0,0,1,1,3,6,1822
0,0,0,0,0,0,0,1,0,1,1,2,6,1823
0,1,0,0,0,0,0,0,0,2,1,3,4,1825
0,0,0,0,0,0,0,0,1,2,1,2,3,1826
0,1,0,0,0,0,0,0,0,2,1,3,4,1827
0,0,0,0,0,0,0,0,0,2,1,2,4,1828
0,1,0,0,0,0,0,0,0,2,1,3,6,1829
0,0,0,0,0,0,0,1,1,1,1,2,1,1830
0,1,0,0,0,0,0,0,0,2,1,3,6,1831
0,1,0,0,0,0,0,0,0,2,2,2,0,1832
0,0,0,0,0,0,0,1,1,2,2,2,3,1833
0,1,0,0,0,0,0,1,0,1,2,2,3,1835
0,0,0,0,0,0,0,0,0,2,2,2,4,1836
0,1,0,0,0,0,0,0,0,2,1,3,5,1838
0,1,0,0,0,0,0,0,0,1,1,3,6,1839
0,0,0,0,0,0,0,0,0,1,1,3,5,1840
0,0,0,0,0,0,0,0,0,1,1,3,4,1841
0,1,0,0,0,0,0,0,0,2,1,3,0,1842
0,0,0,0,0,0,0,0,0,2,1,3,6,1843
0,0,0,0,0,0,0,1,0,2,2,1,0,1844
0,0,0,0,0,0,0,0,0,1,2,3,0,1845
0,1,0,0,0,0,0,1,0,2,1,1,1,1846
0,1,0,0,0,0,0,0,0,1,2,3,0,1847
0,1,0,0,0,0,0,0,0,2,1,2,5,1848
0,0,0,0,0,0,0,1,1,1,1,3,0,1849
0,1,0,0,0,0,0,1,1,1,1,1,0,1850
0,0,0,0,1,0,0,0,0,1,2,3,2,1851
0,0,0,0,0,0,0,0,0,2,1,2,3,1852
0,0,0,0,0,0,0,1,0,1,1,3,5,1853
0,0,0,0,0,0,0,0,0,2,1,3,3,1854
1,0,0,0,0,0,0,1,0,1,1,3,2,1855
0,0,0,0,0,0,0,1,1,2,1,4,4,1856
0,1,1,0,0,0,0,1,0,1,1,3,5,1857
0,1,0,0,0,0,0,0,0,2,1,3,0,1858
0,1,0,0,0,0,0,0,0,2,3,2,3,1859
0,0,0,0,0,0,0,0,0,2,1,2,3,1860
0,0,0,0,0,0,0,1,0,2,1,1,3,1861
0,1,0,0,0,0,0,0,0,2,1,3,2,1862
0,0,0,0,0,0,0,1,0,2,3,2,2,1863
0,1,0,0,0,0,0,1,0,1,1,3,6,1864
0,1,0,0,0,0,0,0,0,2,1,2,7,1865
0,1,0,0,0,0,0,0,0,1,1,3,6,1866
0,1,0,0,0,0,0,0,0,2,3,1,3,1867
0,1,0,0,0,0,0,0,0,1,1,3,5,1868
0,1,0,0,0,0,0,0,0,2,1,1,1,1869
0,0,0,0,0,0,0,0,0,2,3,2,2,1870
0,0,0,0,0,0,0,0,0,1,3,2,3,1871
0,1,0,0,0,1,0,0,0,1,1,3,4,1872
0,0,0,0,0,0,0,0,0,2,1,2,3,1873
0,1,0,0,0,0,0,0,0,1,3,2,1,1874
0,1,0,0,0,0,0,1,0,2,1,2,4,1875
0,0,0,0,0,0,0,1,0,2,3,2,7,1876
0,1,0,0,0,0,0,0,0,2,2,3,0,1877
0,0,0,0,0,0,0,0,0,1,1,2,3,1878
0,1,0,0,0,0,0,0,0,2,2,3,3,1879
0,1,0,0,0,0,0,0,0,2,1,2,6,1880
0,1,0,0,0,0,0,0,0,2,2,2,2,1881
0,0,0,0,0,0,0,1,0,2,3,2,1,1882
0,0,0,0,0,0,0,0,0,2,1,2,4,1883
0,0,0,0,0,0,0,0,0,1,3,2,4,1884
0,0,0,0,0,0,0,0,0,1,3,2,3,1885
0,1,0,0,0,0,0,0,0,2,1,3,1,1886
0,0,0,0,0,0,0,1,1,2,1,2,6,1887
0,0,0,0,0,0,0,0,0,1,1,2,3,1889
0,1,0,0,0,0,0,0,0,2,3,2,4,1890
0,0,0,0,0,0,0,0,0,1,3,3,2,1891
0,1,0,0,0,0,0,0,0,1,3,3,3,1892
0,1,0,0,0,0,0,0,0,1,2,3,3,1893
0,0,0,0,0,0,0,0,0,2,3,3,1,1894
0,0,0,0,0,0,0,0,0,2,3,2,0,1895
0,0,0,0,0,0,0,0,0,1,3,2,1,1897
0,1,0,0,0,0,0,0,0,2,1,2,6,1898
0,1,0,0,0,0,0,0,0,2,3,2,1,1899
0,1,0,0,0,0,0,0,0,1,2,2,1,1900
0,0,0,0,0,0,0,0,0,1,3,2,5,1901
0,1,0,0,0,0,0,0,0,2,2,3,3,1902
0,0,0,0,0,0,0,1,1,2,1,3,3,1903
0,1,0,0,0,0,0,0,0,1,1,2,1,1904
0,1,0,0,0,0,0,0,0,2,3,3,3,1905
0,0,0,0,0,0,0,0,0,1,2,2,1,1906
0,1,0,0,0,0,0,0,0,1,1,3,6,1907
0,0,0,0,0,0,0,0,0,2,1,3,3,1908
0,1,0,0,0,0,0,0,0,1,1,3,5,1909
0,0,0,0,0,0,0,0,0,2,1,2,6,1910
0,1,0,0,0,0,0,0,0,1,1,3,2,1911
0,0,0,0,0,0,0,0,0,2,1,2,2,1912
0,0,0,0,0,0,0,1,0,2,1,2,0,1913
0,0,0,0,0,0,0,0,0,1,1,3,6,1914
0,1,0,0,0,0,0,0,0,1,1,2,0,1915
0,0,0,0,0,0,0,1,0,2,1,3,6,1917
0,1,0,0,0,0,0,0,1,1,3,4,3,1918
0,1,0,0,0,0,0,0,0,1,1,2,1,1919
0,0,0,0,0,0,0,0,0,1,1,2,4,1920
0,0,0,0,0,0,0,0,0,2,1,2,1,1921
0,0,0,0,0,0,0,0,0,1,1,2,5,1922
0,0,0,0,0,0,0,0,0,2,1,2,1,1924
0,0,0,0,0,0,0,0,0,1,1,2,1,1925
0,1,0,0,0,0,0,0,0,2,1,2,3,1926
0,1,0,0,0,0,0,0,0,1,1,3,3,1927
0,0,0,0,0,0,0,0,0,2,1,1,3,1928
0,0,0,0,0,0,0,0,1,2,3,2,6,1930
0,1,0,0,0,0,0,0,0,1,1,3,0,1931
0,0,0,0,0,0,0,0,0,2,1,3,0,1932
0,1,0,0,0,0,0,0,0,2,1,3,3,1933
0,0,0,0,0,0,0,1,1,2,1,3,1,1934
0,1,0,0,0,0,0,0,0,2,1,2,4,1935
0,0,0,0,0,0,0,1,1,1,1,3,0,1936
0,0,0,0,0,0,0,0,0,2,1,3,5,1937
0,0,0,0,0,0,0,0,0,2,1,3,1,1938
0,0,0,0,0,0,0,1,0,1,1,3,3,1939
0,0,0,0,0,0,0,0,0,2,1,3,6,1940
0,1,0,0,0,0,0,0,0,1,1,3,5,1941
0,0,0,0,1,0,0,1,0,2,1,2,1,1942
0,0,0,0,0,0,0,0,0,2,1,3,6,1943
0,1,0,0,0,0,0,0,0,2,1,3,1,1944
0,1,0,0,0,0,0,1,0,2,1,3,5,1945
0,1,0,0,0,0,0,0,0,1,1,4,7,1947
0,0,0,0,0,0,0,0,0,1,1,1,1,1948
1,1,0,0,0,0,0,0,0,1,1,2,6,1949
1,0,0,0,0,0,0,0,0,1,1,3,7,1950
0,1,0,0,0,0,0,0,0,2,3,1,1,1951
0,1,0,0,0,0,0,0,0,2,1,2,5,1952
0,0,0,0,0,0,0,0,0,1,1,1,4,1953
0,0,0,0,0,0,0,0,0,2,1,3,6,1954
0,0,0,0,0,0,0,0,0,1,1,2,4,1955
0,1,0,0,0,0,0,0,0,2,1,2,2,1956
0,1,0,0,0,0,0,0,0,2,1,3,5,1957
0,0,1,0,1,1,0,0,0,1,1,3,6,1958
0,1,0,0,0,0,0,0,0,1,1,2,0,1960
1,1,0,0,0,0,0,0,0,2,3,1,5,1961
0,0,0,0,0,0,0,0,0,1,1,3,3,1962
0,1,0,0,0,0,0,0,0,1,3,2,3,1963
0,1,0,0,0,0,0,0,0,2,3,2,3,1964
0,1,1,0,0,0,0,1,0,1,3,2,3,1965
0,0,0,0,0,0,0,0,0,2,1,2,1,1966
0,0,0,0,0,0,0,0,0,2,3,2,3,1967
0,1,0,0,0,0,0,0,0,2,1,2,0,1968
0,0,0,0,0,0,0,0,0,2,1,1,3,1969
0,0,0,0,0,0,0,0,0,2,1,3,5,1971
0,1,0,0,0,0,0,0,0,1,1,3,2,1972
0,1,0,0,0,0,0,0,0,1,2,2,0,1973
0,0,0,0,0,0,0,1,0,1,1,2,4,1974
0,1,0,0,0,0,0,0,0,2,1,2,3,1975
0,0,0,0,0,0,0,0,0,2,1,3,6,1976
0,1,0,0,0,0,0,0,0,1,2,2,5,1977
0,0,0,0,0,0,0,0,0,1,1,2,4,1978
0,1,0,0,0,0,0,0,0,1,3,3,3,1979
0,1,0,0,0,0,0,0,0,2,3,2,3,1980
0,1,0,0,0,0,0,0,0,1,3,1,0,1981
0,0,0,0,0,0,0,0,0,1,1,3,0,1982
0,1,0,0,0,0,0,0,0,1,1,3,2,1983
0,0,0,0,0,0,0,0,0,2,1,2,2,1984
0,0,0,0,0,0,0,0,0,2,2,2,4,1985
0,1,0,0,0,0,0,0,0,2,3,2,2,1986
0,1,0,0,0,0,0,0,0,2,2,2,3,1987
0,1,0,0,0,0,0,0,0,2,1,1,5,1988
0,0,0,0,0,0,0,0,0,1,3,1,3,1989
0,1,0,0,0,0,0,0,0,2,3,3,1,1990
0,0,0,0,0,0,0,0,0,1,3,2,6,1991
0,1,0,0,0,0,0,0,0,1,3,2,3,1992
0,1,0,0,0,0,0,1,0,1,1,1,3,1993
0,0,0,0,0,0,0,0,0,2,1,2,3,1994
0,0,0,0,0,0,0,0,0,1,1,1,3,1995
0,0,0,0,0,0,0,0,0,2,1,3,2,1996
0,1,0,0,0,0,0,0,0,1,1,2,1,1997
0,1,0,0,0,0,0,0,0,2,1,3,0,1998
0,0,0,0,0,0,0,0,0,2,1,1,0,1999
0,1,0,0,0,0,0,1,0,2,3,1,0,2000
0,0,0,0,0,0,0,1,0,1,3,1,6,2001
0,1,0,0,0,0,0,1,0,2,1,3,0,2002
0,0,0,0,0,0,0,0,0,2,1,3,5,2003
0,1,0,0,0,0,0,0,0,2,1,3,6,2004
0,0,0,0,0,0,0,0,0,1,1,2,0,2005
0,1,0,0,0,0,0,0,0,2,1,3,5,2006
0,1,0,0,0,0,0,0,0,2,3,1,1,2007
0,0,0,0,0,0,0,0,0,2,1,3,0,2008
0,1,0,0,0,0,0,0,0,2,1,2,0,2009
0,0,0,0,0,0,0,0,0,2,3,2,2,2010
0,1,0,0,0,0,0,0,0,1,1,3,0,2011
0,1,0,0,0,0,0,0,0,2,1,3,6,2012
0,1,0,0,0,0,0,0,0,1,1,2,0,2013
1,1,0,0,0,0,0,0,0,1,1,1,3,2015
0,1,0,0,0,0,0,0,0,2,1,2,6,2016
0,0,0,0,0,0,0,0,0,2,1,2,6,2017
0,1,0,0,0,0,0,0,0,1,1,3,6,2018
0,0,0,0,0,0,0,0,0,1,1,3,6,2019
0,1,0,0,0,0,0,0,0,1,1,3,5,2020
0,1,0,0,0,0,0,0,0,1,1,1,1,2021
0,0,0,0,0,0,0,0,0,2,1,3,5,2022
0,0,0,0,0,0,0,1,0,1,3,2,5,2023
0,1,0,0,0,0,0,0,0,1,1,2,2,2024
0,0,0,0,0,0,0,0,0,1,1,4,6,2025
0,0,0,0,0,0,0,0,0,2,2,2,3,2026
0,1,0,0,0,0,0,0,0,1,1,2,0,2027
0,1,0,0,0,0,0,0,1,2,1,4,1,2028
0,1,0,0,0,0,0,1,1,2,1,2,3,2029
0,1,0,0,0,0,0,0,0,1,1,2,7,2030
0,0,0,0,0,0,0,0,0,2,1,2,2,2031
0,0,0,0,0,0,0,0,0,2,1,3,0,2032
0,0,0,0,0,0,0,0,0,1,1,2,0,2033
0,1,0,0,0,0,0,0,0,2,1,2,0,2034
0,1,0,0,0,0,0,0,0,2,3,2,0,2035
0,0,0,0,0,0,0,0,0,2,1,2,2,2036
0,1,0,0,0,0,0,0,0,1,1,2,1,2037
0,0,0,0,0,0,0,1,1,1,1,2,6,2038
0,0,0,0,0,0,0,1,1,1,1,1,3,2039
0,0,0,0,0,0,0,1,1,2,3,3,0,2040
0,0,0,0,0,0,0,0,0,1,1,3,6,2041
0,0,0,0,0,0,0,0,0,1,1,4,0,2042
0,1,0,0,0,0,0,0,0,1,3,2,2,2043
0,0,0,0,0,0,0,1,0,1,3,3,3,2044
0,1,0,0,0,0,0,0,0,1,1,3,1,2045
0,1,0,0,0,0,0,0,0,2,3,3,5,2046
0,1,0,0,0,0,0,0,0,2,1,3,5,2047
0,1,0,0,0,0,0,0,0,2,3,2,0,2048
0,0,0,0,0,0,0,0,0,1,1,2,3,2049
0,1,0,0,0,0,0,0,0,1,1,3,5,2050
0,0,0,0,0,0,0,0,0,1,1,2,7,2051
0,0,0,0,0,0,0,0,0,2,1,3,2,2052
0,1,0,0,0,0,0,1,1,1,1,2,6,2053
0,0,1,0,0,0,0,0,1,2,1,3,3,2054
0,0,1,0,0,0,0,0,0,1,1,1,6,2055
0,1,0,0,0,0,0,1,1,1,1,2,2,2056
0,1,0,0,0,0,0,0,0,2,1,1,6,2057
0,1,0,0,0,0,0,0,1,2,1,1,3,2058
0,0,0,0,0,0,0,0,0,2,1,2,4,2059
0,0,0,0,0,0,0,0,0,1,1,2,5,2060
0,1,0,0,0,0,0,0,0,2,1,1,2,2061
0,1,0,0,0,0,0,0,0,2,1,2,0,2063
0,1,0,0,0,0,0,0,0,2,1,2,5,2064
0,0,0,0,0,0,0,0,0,1,3,2,4,2066
0,1,0,0,0,0,0,0,0,1,3,3,4,2067
0,0,0,0,0,0,0,0,1,2,1,2,2,2068
0,0,0,0,0,0,0,1,0,2,1,3,4,2069
0,1,1,0,0,0,0,1,0,2,1,1,2,2070
1,1,0,0,0,0,0,0,0,2,1,1,4,2071
1,0,0,0,0,0,0,0,0,2,1,2,1,2072
0,1,0,0,0,0,0,0,0,2,1,2,2,2073
0,0,0,0,0,0,0,0,0,1,1,2,4,2074
0,1,0,0,0,0,0,0,0,2,1,2,4,2075
0,0,0,0,0,0,0,0,0,2,1,2,1,2076
0,1,0,0,0,0,0,0,0,1,1,2,2,2077
0,0,0,0,0,0,0,0,0,2,1,2,3,2078
0,1,0,0,0,0,0,0,0,1,2,1,2,2080
0,0,0,0,0,0,0,0,0,2,1,2,3,2081
0,0,0,0,0,0,0,0,0,2,1,3,6,2082
0,1,0,0,0,0,0,1,0,1,1,3,7,2083
0,0,0,0,0,0,0,1,1,2,1,3,5,2085
0,0,0,0,0,0,0,0,0,2,1,2,5,2086
0,1,0,0,0,0,0,1,0,1,1,2,5,2087
0,1,0,0,0,0,0,0,0,1,1,3,0,2092
0,0,0,0,0,0,0,0,0,1,1,3,5,2093
0,0,0,0,0,0,0,1,0,2,1,2,6,2096
0,0,0,0,0,0,0,0,1,2,1,3,2,2100
0,0,0,0,0,0,0,1,1,1,1,2,3,2103
0,1,0,0,0,0,0,1,0,1,3,3,2,2105
0,1,0,0,0,0,0,0,0,2,1,3,6,2108
0,0,0,0,0,0,0,0,0,2,1,3,5,2109
0,1,0,0,0,0,1,1,0,2,1,2,3,2111
0,1,0,0,0,0,0,1,0,2,1,1,3,2112
1,0,0,0,0,0,0,1,1,2,1,3,3,2113
0,1,0,0,0,0,0,0,0,1,1,3,3,2114
0,1,0,0,0,0,0,0,0,2,2,3,1,2115
0,1,0,0,0,0,0,0,0,1,1,1,5,2116
0,0,0,0,0,0,0,0,0,2,1,3,3,2117
0,1,0,0,0,0,0,0,0,2,1,3,5,2118
0,1,0,0,0,0,0,0,0,2,1,2,3,2119
0,0,0,0,0,0,0,1,0,2,1,3,4,2120
0,1,0,0,0,0,0,0,0,2,2,2,1,2121
0,1,0,0,0,0,0,0,0,2,1,2,5,2122
0,0,0,0,0,0,0,0,0,1,1,3,5,2123
0,1,0,0,0,0,0,0,0,1,1,2,3,2124
0,0,0,0,0,0,0,0,0,2,2,2,2,2125
0,0,0,0,0,0,0,1,0,2,1,2,5,2126
0,1,0,0,0,0,0,0,0,2,1,3,4,2127
0,0,0,0,0,0,0,0,0,2,1,3,5,2128
0,1,0,0,0,0,0,0,0,2,1,2,1,2129
0,0,0,0,0,0,0,0,0,1,1,2,1,2130
0,1,0,0,0,0,0,1,0,1,1,3,1,2131
0,1,0,0,0,0,0,0,0,2,1,2,6,2132
0,0,0,0,0,0,0,0,0,2,1,2,0,2133
0,1,0,0,0,0,0,0,0,1,1,3,4,2134
0,0,0,0,0,0,0,0,0,2,1,2,2,2135
0,1,0,0,0,0,0,0,0,2,1,1,1,2136
0,0,0,0,0,0,0,0,0,2,1,2,5,2137
0,0,0,0,0,0,0,0,0,2,1,1,3,2139
0,0,0,0,0,0,0,0,0,2,1,1,4,2140
0,0,0,0,0,0,0,1,0,2,1,2,2,2141
0,1,0,0,0,0,0,0,0,2,1,2,3,2142
0,1,0,0,0,0,0,0,0,1,1,2,4,2144
0,0,0,0,0,0,0,0,0,1,1,2,7,2145
0,1,0,0,0,0,0,1,0,1,1,2,0,2146
1,1,0,0,0,0,0,0,0,2,1,3,6,2148
0,0,0,0,0,0,0,0,0,1,1,2,6,2149
0,1,0,0,0,0,0,1,1,1,1,1,4,2150
0,1,0,0,0,0,0,1,0,1,1,2,3,2151
0,1,0,0,0,0,1,1,0,2,1,2,5,2152
0,1,0,0,0,0,0,1,1,2,1,2,3,2153
0,0,0,0,0,0,0,1,1,2,1,3,1,2154
0,1,0,0,0,0,0,0,0,2,2,3,1,2155
0,1,0,0,0,0,0,0,0,1,1,3,0,2157
0,0,0,0,0,0,0,1,0,2,2,2,3,2159
0,1,0,0,0,0,0,1,1,2,1,2,5,2160
0,1,0,1,0,0,1,0,0,2,1,2,2,2161
0,1,0,0,0,0,0,0,0,1,1,3,4,2162
0,0,0,0,0,0,0,1,0,1,1,3,4,2163
0,1,0,0,0,0,0,0,0,1,1,3,2,2164
0,0,0,0,0,0,0,0,0,2,1,2,2,2165
0,0,0,0,0,0,0,1,0,1,1,2,5,2166
0,1,0,0,0,0,0,0,0,1,2,2,1,2167
0,1,0,0,0,0,0,0,0,2,2,2,4,2168
0,0,0,0,0,0,0,0,0,2,3,3,4,2169
0,1,0,0,0,0,0,0,0,2,1,2,4,2170
0,0,0,0,0,0,0,1,0,1,1,3,6,2171
0,1,0,0,0,0,0,0,0,2,1,2,0,2172
0,0,0,0,0,0,0,0,0,2,1,2,3,2174
0,0,0,0,0,0,0,0,0,2,3,2,1,2175
0,0,0,0,0,0,0,0,0,2,1,2,0,2176
0,1,0,0,0,0,0,0,0,1,1,3,6,2177
0,0,0,0,0,0,0,0,0,2,1,3,0,2178
0,0,0,0,0,0,0,0,0,2,1,1,1,2179
0,1,0,0,0,0,0,0,0,1,1,2,5,2180
0,0,0,0,0,0,0,1,0,2,1,2,1,2181
0,0,0,0,0,0,0,0,0,1,1,1,6,2182
0,1,0,0,0,0,0,0,0,1,1,3,6,2183
0,0,0,0,0,0,0,0,0,2,1,3,5,2184
0,0,0,0,0,0,0,0,0,2,1,2,3,2185
0,1,0,0,0,0,0,1,0,1,1,1,0,2186
0,0,0,0,0,0,0,1,0,2,1,2,3,2187
0,0,0,0,0,0,0,1,0,1,1,3,2,2188
0,0,0,0,0,0,0,0,0,1,1,2,3,2189
0,0,0,0,0,0,0,0,0,2,1,3,2,2190
0,0,0,0,0,0,0,0,0,1,1,2,6,2191
0,1,0,0,0,0,0,1,0,1,1,3,0,2192
0,1,0,0,0,0,0,0,1,2,1,1,3,2193
0,0,0,0,0,0,0,0,0,2,3,3,3,2195
0,0,0,0,0,0,0,0,1,2,1,2,3,2196
0,0,0,0,0,0,0,0,0,1,1,3,7,2197
0,1,0,0,0,0,0,0,0,1,2,3,0,2198
0,0,0,0,0,0,0,0,0,1,1,3,2,2199
0,1,0,0,0,0,0,0,0,2,1,1,4,2200
0,0,0,0,0,0,0,0,0,2,1,2,5,2201
0,0,0,0,0,0,0,0,0,2,1,2,1,2202
0,1,0,0,0,0,0,1,0,1,1,1,0,2203
0,1,0,0,0,0,0,0,0,2,1,2,3,2204
0,0,0,0,0,0,0,1,0,1,1,2,4,2205
0,1,0,0,0,0,0,0,1,1,1,3,3,2206
0,0,0,0,0,0,0,0,0,2,1,2,5,2207
0,1,0,0,0,0,0,1,0,1,1,1,6,2208
0,0,0,0,0,0,0,0,0,2,1,3,3,2209
0,1,1,0,0,0,0,1,0,2,1,3,4,2210
0,0,0,0,0,0,0,0,0,2,1,2,1,2211
0,1,0,0,0,0,0,1,0,1,1,3,6,2212
0,1,0,0,0,0,0,0,0,1,1,1,2,2214
0,0,0,0,0,0,0,0,0,1,1,2,6,2215
0,1,0,0,0,0,0,0,0,1,1,2,1,2216
0,0,0,0,0,0,0,0,0,1,1,3,1,2217
1,1,0,0,0,0,0,0,0,1,1,2,3,2219
0,1,0,0,0,0,0,0,0,1,1,2,2,2220
0,0,0,0,0,0,0,0,0,1,1,1,3,2221
0,1,0,0,0,0,0,0,0,1,1,2,7,2222
0,0,0,0,0,0,0,0,0,1,3,2,3,2223
0,1,0,0,0,0,0,0,0,1,1,3,4,2224
0,0,0,0,0,0,0,0,0,2,1,2,5,2225
0,1,0,0,0,0,0,0,0,1,1,2,2,2226
1,1,0,0,0,0,0,0,0,2,1,3,4,2227
0,0,0,0,0,0,0,0,0,1,1,2,4,2228
0,1,0,0,0,0,0,0,0,1,3,2,1,2229
0,0,0,0,0,0,0,0,1,2,1,2,2,2230
0,0,0,0,0,0,0,0,0,2,1,2,4,2231
0,1,0,0,0,0,0,0,0,2,1,2,0,2232
0,0,0,0,0,0,0,0,0,2,1,2,3,2233
1,0,0,0,0,0,0,0,0,1,1,3,0,2234
0,0,0,0,0,0,0,1,0,1,1,1,6,2236
0,1,0,0,0,0,0,0,0,1,3,2,0,2237
0,0,0,0,0,0,0,0,0,2,1,2,1,2238
0,1,0,0,0,0,0,0,0,1,1,1,5,2239
0,1,0,0,0,0,0,1,0,2,1,2,1,2240
0,1,0,0,0,0,0,0,0,2,1,1,4,2241
0,1,0,0,0,0,0,1,1,2,1,2,5,2242
0,1,0,0,0,0,0,0,0,1,1,2,4,2243
0,0,0,0,0,0,0,1,0,1,1,1,1,2244
0,1,0,0,0,0,0,0,0,2,1,2,1,2245
0,0,0,0,0,0,0,0,0,2,1,2,6,2246
0,0,0,0,0,0,0,1,0,2,1,2,5,2247
0,1,0,0,0,0,0,0,0,1,1,3,1,2248
0,0,0,0,0,0,0,0,0,2,1,2,3,2249
0,1,0,0,0,0,0,0,0,2,1,2,0,2250
0,0,0,0,0,0,0,1,0,1,1,2,0,2251
0,0,0,0,0,0,0,0,0,2,1,3,5,2252
0,1,0,0,0,0,0,0,0,2,1,2,3,2253
1,1,0,0,0,0,0,0,0,1,1,2,6,2254
0,0,0,0,0,0,0,0,0,2,1,3,5,2255
0,1,0,0,0,0,0,0,0,2,1,2,2,2256
0,1,0,0,0,0,0,0,0,1,1,2,5,2257
0,0,0,0,0,0,0,1,0,1,1,2,0,2258
0,0,0,0,0,0,0,0,0,2,3,1,3,2260
0,0,0,0,0,0,0,0,0,2,2,3,2,2261
0,0,0,0,0,0,0,0,0,2,3,3,3,2262
0,1,0,0,0,0,0,0,0,1,3,3,2,2263
0,1,0,0,0,0,0,0,0,2,2,1,5,2264
0,0,0,0,0,0,0,0,0,2,2,2,0,2265
0,1,0,0,0,0,0,0,0,1,2,3,0,2266
0,1,0,0,0,0,0,0,1,1,1,2,4,2267
0,0,0,0,0,0,0,0,0,1,1,1,6,2268
0,1,0,0,0,0,0,0,0,2,1,1,3,2269
0,0,0,0,0,0,0,0,0,1,2,2,0,2270
0,1,0,0,0,0,0,0,0,2,1,1,2,2271
0,1,0,0,0,0,0,0,0,2,1,2,3,2272
0,0,0,0,0,0,0,0,0,2,2,2,0,2273
0,1,0,0,0,0,0,0,0,2,2,2,1,2274
0,0,0,0,0,0,0,0,0,2,1,2,5,2275
0,0,0,0,0,0,0,0,0,1,2,3,2,2276
0,1,0,0,0,0,0,0,0,2,2,1,5,2277
0,0,0,0,0,0,0,0,0,1,1,2,4,2278
0,0,0,0,0,0,0,0,0,2,1,2,6,2279
0,0,0,0,0,0,0,0,0,2,1,2,3,2281
0,1,0,0,0,0,0,1,1,1,2,3,3,2282
0,1,0,0,0,0,0,0,0,2,1,1,1,2283
0,0,0,0,0,0,0,0,0,2,1,2,3,2284
0,1,0,0,0,0,0,0,0,1,1,2,5,2285
0,0,0,0,0,0,0,0,0,2,1,2,3,2286
0,0,0,0,0,0,0,0,0,1,3,2,0,2287
0,1,0,0,0,0,0,0,0,1,1,2,5,2288
0,0,0,0,0,0,0,0,0,2,1,1,0,2289
0,0,0,0,0,0,0,0,0,2,2,1,3,2290
0,1,0,0,0,0,0,0,0,2,2,3,3,2291
0,0,0,0,0,0,0,0,0,2,2,3,1,2292
0,1,0,0,0,0,0,0,0,1,2,2,1,2293
0,1,0,0,0,0,0,0,0,2,2,3,0,2294
0,0,0,0,0,0,0,0,0,2,2,2,4,2295
0,1,0,0,0,0,0,0,0,2,2,2,0,2296
0,0,0,0,0,0,0,0,0,1,2,2,2,2297
0,0,0,0,0,0,0,0,0,2,2,2,0,2298
0,1,0,0,0,0,0,0,1,1,2,2,3,2299
0,1,1,0,0,0,0,1,0,1,2,2,1,2300
0,1,0,0,0,0,0,0,0,1,2,1,0,2301
0,1,0,0,0,0,0,0,0,2,2,2,0,2302
0,0,0,0,0,0,0,0,0,2,2,2,4,2303
1,0,1,0,1,0,0,0,0,1,2,2,1,2305
0,1,0,0,0,0,0,0,0,1,1,2,7,2306
0,1,0,0,0,0,0,0,0,2,2,1,3,2307
0,0,0,0,0,0,0,0,0,1,2,2,4,2308
0,1,0,0,0,0,0,0,0,2,2,2,1,2309
0,0,0,0,0,0,0,0,0,1,2,3,2,2310
0,1,0,0,0,0,0,0,0,1,1,3,5,2311
0,0,0,0,0,0,0,0,0,2,1,1,5,2312
0,1,0,0,0,0,0,0,0,2,1,3,3,2313
0,0,0,0,0,0,0,0,0,2,1,1,4,2314
0,0,0,0,0,0,0,0,0,1,1,2,7,2315
0,0,0,0,0,0,0,1,0,1,1,3,5,2317
0,0,0,0,0,0,0,0,0,2,1,3,0,2318
0,0,0,0,0,0,0,1,0,2,1,1,3,2319
0,1,0,0,0,0,0,1,0,1,2,1,0,2320
0,0,0,0,0,0,0,0,0,1,2,2,3,2321
0,1,0,0,0,0,0,1,0,1,1,3,5,2322
0,1,0,0,0,0,0,0,0,2,1,3,5,2323
0,0,0,0,0,0,0,0,0,2,1,2,2,2324
1,1,0,0,0,0,0,0,0,2,1,2,3,2325
0,0,0,0,0,0,0,0,0,2,1,3,2,2326
0,1,0,0,0,0,0,0,0,1,1,3,4,2327
0,1,0,0,0,0,0,0,0,1,1,2,2,2328
0,1,0,0,0,0,0,1,0,1,1,3,6,2329
0,0,0,0,0,0,0,0,0,2,1,2,2,2330
0,1,0,0,0,0,0,0,0,1,1,3,2,2331
0,0,0,0,0,0,0,1,1,2,1,2,2,2332
0,0,0,0,0,0,0,1,1,2,1,3,2,2333
0,0,0,0,0,0,0,0,0,1,1,3,2,2334
0,1,0,0,0,0,0,0,0,2,1,2,2,2335
0,1,0,0,0,0,0,0,0,2,1,3,2,2336
0,1,0,0,0,0,0,0,0,2,1,2,4,2337
0,1,0,0,0,0,0,1,1,2,1,3,6,2338
0,0,0,0,0,0,0,0,0,2,1,2,6,2339
0,0,0,0,0,0,0,0,0,2,1,2,3,2340
0,1,0,0,0,0,0,1,0,2,1,1,6,2342
0,0,0,0,0,0,0,0,0,1,1,2,5,2343
0,0,0,0,0,0,0,0,0,2,1,2,5,2345
0,1,0,0,0,0,0,1,1,2,1,3,3,2346
0,0,0,0,0,0,0,0,0,1,1,3,4,2347
0,1,0,0,0,0,0,0,0,2,1,2,3,2348
